temperature,temp_excursion_magnitude,excursion_duration_min,humidity,delay_minutes,remaining_transit_min,cargo_sensitivity,route_risk,traffic_level,handling_events,refrigeration_condition,distance_km,cargo_type_encoded,spoilage_event
-19.36,0.0,0.0,68.1,46.5,211.7,3,0.188,3,0,1,324.3,0,1
4.81,0.81,20.0,44.0,173.4,26.2,2,0.351,2,0,2,346.6,3,1
2.59,0.0,0.0,77.2,10.8,134.2,2,0.339,3,0,2,295.1,3,1
4.29,0.0,0.0,66.7,48.8,29.3,3,0.159,3,0,1,88.0,2,1
4.73,0.0,0.0,67.8,2.1,171.4,3,0.714,2,0,2,170.4,2,1
5.56,0.0,0.0,86.6,72.8,225.6,2,0.333,1,0,1,498.0,4,1
-15.96,0.0,0.0,58.4,1.9,202.0,3,0.114,1,1,1,90.2,0,0
0.0,0.6,13.8,54.1,21.8,98.6,2,0.489,2,3,2,392.2,3,1
2.4,0.0,0.0,56.8,38.0,68.3,3,0.347,2,0,3,398.8,1,1
-14.74,0.26,3.6,62.1,10.4,42.2,3,0.524,2,0,1,576.1,0,0
3.97,0.0,0.0,63.6,48.2,211.6,3,0.486,3,3,1,593.1,2,1
1.46,0.0,0.0,52.5,50.0,33.2,2,0.251,3,1,1,569.8,4,1
3.61,0.0,0.0,34.7,32.9,156.5,2,0.368,1,1,1,347.7,3,0
3.66,0.0,0.0,56.6,85.7,97.6,2,0.262,1,3,1,73.0,3,1
-1.33,1.4,14.1,70.4,55.9,239.1,2,0.585,2,1,1,202.5,3,1
3.07,0.0,0.0,67.0,155.8,129.5,2,0.533,1,1,2,311.5,3,1
6.84,0.0,0.0,83.0,33.7,138.5,3,0.283,3,0,1,71.5,2,1
-16.56,0.0,0.0,94.3,13.1,221.5,3,0.37,3,3,1,70.4,0,1
6.58,0.0,0.0,76.4,2.8,233.2,2,0.514,2,1,2,228.2,4,1
1.49,0.31,27.4,85.7,16.5,146.3,3,0.571,2,0,2,263.0,2,1
5.83,0.0,0.0,76.5,16.0,194.1,3,0.058,3,1,1,369.5,2,0
4.24,0.0,0.0,90.6,90.0,157.8,3,0.565,3,0,1,563.1,1,1
-18.71,0.0,0.0,92.8,52.2,111.2,3,0.078,2,1,1,265.1,0,0
7.18,0.0,0.0,79.3,21.9,27.9,2,0.284,3,0,1,76.4,4,0
6.2,2.2,11.3,75.6,27.8,176.5,2,0.136,2,1,1,347.0,3,1
6.99,2.99,30.2,61.9,43.3,172.6,2,0.709,1,0,1,246.9,3,1
8.29,0.29,3.7,64.4,23.3,41.3,3,0.489,2,1,1,545.6,2,1
4.73,0.0,0.0,59.9,13.3,66.8,2,0.073,3,1,1,287.3,4,0
5.88,0.0,0.0,74.3,10.9,179.7,3,0.365,3,0,1,227.0,2,1
6.92,0.0,0.0,54.2,25.3,48.7,3,0.15,1,0,2,448.1,2,0
5.3,0.0,0.0,62.1,1.1,170.5,3,0.254,2,0,3,321.3,2,1
5.33,0.0,0.0,30.0,22.4,176.5,3,0.601,2,1,1,355.3,1,0
-15.44,0.0,0.0,90.8,12.1,94.5,3,0.153,3,3,1,133.6,0,1
4.85,0.0,0.0,61.7,14.3,73.1,3,0.517,2,0,1,256.4,2,1
3.18,0.0,0.0,71.8,66.7,98.9,2,0.268,1,1,1,75.5,4,1
-18.54,0.0,0.0,86.9,167.2,95.8,3,0.217,3,3,2,465.2,0,1
6.58,0.0,0.0,69.5,37.5,151.6,2,0.125,2,1,1,185.1,4,0
5.01,0.0,0.0,86.7,30.9,182.4,2,0.359,3,0,1,116.3,4,1
5.85,0.0,0.0,46.4,127.5,208.9,3,0.05,3,0,1,374.2,1,0
4.18,0.18,2.7,98.0,9.0,21.7,2,0.316,1,3,2,368.7,3,1
-18.44,0.0,0.0,81.3,35.9,178.5,3,0.084,3,0,2,223.7,0,1
4.39,0.39,9.0,68.1,0.3,85.7,2,0.495,2,0,2,579.3,3,1
3.45,0.0,0.0,86.4,22.4,203.7,2,0.184,3,1,1,399.5,3,1
1.91,0.05,0.0,47.5,132.0,32.0,3,0.175,1,0,1,559.5,1,1
-13.89,1.11,6.7,60.7,177.3,139.0,3,0.171,3,1,1,215.3,0,1
3.75,0.0,0.0,86.7,115.7,138.5,2,0.252,1,5,2,353.5,4,1
0.86,0.68,23.2,37.0,64.7,88.5,3,0.455,1,4,1,277.4,2,1
2.39,0.0,0.0,73.4,19.3,233.3,2,0.647,3,1,1,277.3,4,1
-0.05,0.63,11.8,73.0,86.6,39.1,2,0.177,1,3,1,76.3,3,1
2.63,0.0,0.0,94.5,48.9,45.7,2,0.089,1,2,1,170.8,3,1
1.82,0.0,0.0,41.3,27.7,160.0,2,0.251,3,4,1,528.1,3,1
-18.34,0.0,0.0,89.1,1.8,130.7,3,0.341,2,3,1,517.4,0,1
6.55,0.0,0.0,56.6,23.2,74.5,3,0.458,2,3,2,107.8,1,1
5.85,0.0,0.0,58.3,8.9,83.5,3,0.089,3,0,1,60.0,2,0
5.79,0.0,0.0,46.7,31.9,50.3,3,0.125,2,0,2,106.1,2,1
-16.48,0.0,0.0,48.7,9.2,210.2,3,0.723,1,0,1,401.3,0,1
6.54,0.0,0.0,71.1,54.2,143.1,3,0.472,2,1,1,181.9,2,0
-22.77,1.66,18.6,48.3,2.6,70.1,3,0.365,2,3,1,469.4,0,1
1.59,0.0,0.0,76.1,2.5,103.5,2,0.247,1,5,2,53.2,3,1
-2.95,2.37,37.8,55.1,33.4,219.0,2,0.197,2,2,1,443.7,3,1
5.09,0.0,0.0,46.8,11.0,214.5,2,0.319,1,2,1,537.5,4,0
2.49,0.0,0.0,57.1,104.5,30.5,2,0.376,1,1,1,74.6,3,1
7.61,0.0,0.0,70.1,39.0,162.2,3,0.05,1,0,2,527.1,1,1
7.97,0.0,0.0,60.8,26.7,49.4,2,0.243,3,1,1,554.8,4,1
5.51,0.0,0.0,65.5,1.8,62.4,3,0.405,1,0,1,344.7,2,0
3.75,0.0,0.0,75.4,140.2,209.4,3,0.419,1,2,1,206.5,1,1
6.21,0.0,0.0,81.2,32.6,216.4,2,0.417,3,1,1,359.5,4,1
3.68,0.0,0.0,60.3,55.1,33.6,3,0.518,1,0,1,220.8,1,1
-17.5,0.0,0.0,49.3,12.2,211.6,3,0.361,3,1,1,563.3,0,0
7.47,0.0,0.0,66.1,150.0,178.9,3,0.073,3,1,1,349.0,2,1
1.11,0.0,0.0,72.1,150.2,189.5,2,0.469,2,2,3,489.3,3,1
-15.49,0.0,0.0,43.1,30.8,193.2,3,0.144,1,2,1,385.5,0,0
6.69,0.0,0.0,51.6,4.7,129.1,3,0.408,1,0,1,208.6,2,1
-19.89,0.0,0.0,54.2,1.2,228.1,3,0.146,1,2,1,325.1,0,1
4.93,0.93,9.7,61.9,2.3,60.1,2,0.368,1,0,1,533.9,3,1
6.75,0.0,0.0,53.6,114.2,128.6,3,0.289,2,0,2,260.6,2,1
5.25,0.0,0.0,75.6,112.3,86.7,3,0.577,1,0,2,237.7,1,1
3.09,0.0,0.0,40.9,152.8,200.0,3,0.268,3,2,1,576.0,1,1
2.85,0.0,0.0,41.3,60.1,33.6,3,0.432,1,3,2,233.7,2,1
1.16,0.0,0.0,60.0,11.5,112.6,2,0.739,2,0,1,522.7,3,1
6.36,0.0,0.0,62.4,82.1,189.0,2,0.459,1,1,3,148.1,4,1
2.61,0.0,0.0,43.2,45.0,85.3,3,0.19,1,3,1,485.4,2,1
-16.41,0.0,0.0,55.9,44.5,69.1,3,0.14,3,4,2,388.4,0,1
1.9,0.0,0.0,59.0,24.6,74.1,2,0.243,2,0,2,116.1,4,1
1.99,0.0,0.0,59.1,1.4,175.6,2,0.63,2,0,1,85.2,3,0
2.77,0.0,0.0,67.3,97.8,79.5,2,0.135,2,0,1,214.1,3,0
-11.39,3.61,28.6,55.1,97.6,105.6,3,0.216,2,3,3,411.6,0,1
1.56,0.27,3.2,87.2,149.4,137.8,3,0.488,3,0,1,248.1,1,1
6.18,2.18,14.3,72.3,75.8,226.7,2,0.191,1,1,1,199.1,3,1
5.37,0.0,0.0,52.9,48.1,193.7,2,0.292,2,5,1,370.0,4,1
6.03,0.0,0.0,66.4,0.9,56.7,3,0.178,1,0,1,573.9,2,0
5.3,0.0,0.0,66.9,166.1,213.7,2,0.683,2,1,1,117.0,4,1
6.11,0.0,0.0,83.2,45.3,205.1,2,0.63,2,5,2,404.5,4,1
4.62,0.0,0.0,56.0,120.7,182.7,3,0.39,1,0,2,551.8,1,1
8.64,0.0,0.0,76.5,11.1,131.3,2,0.161,2,0,1,347.6,4,0
3.86,0.0,0.0,65.6,24.3,30.7,3,0.593,2,0,3,580.3,1,1
7.83,0.0,0.0,87.4,20.0,175.1,3,0.05,1,1,1,378.8,1,0
0.89,0.07,0.0,84.4,45.1,131.6,2,0.121,3,0,1,419.9,3,1
2.35,0.0,0.0,68.0,147.9,84.7,2,0.309,1,0,1,485.2,3,1
-20.18,0.11,18.8,61.1,94.1,17.2,3,0.165,3,0,1,159.8,0,1
6.14,0.0,0.0,72.6,11.9,67.0,2,0.532,2,1,1,358.1,4,1
-13.89,1.11,14.5,62.3,29.1,151.3,3,0.063,1,2,1,387.8,0,1
4.81,0.0,0.0,90.2,7.5,40.3,2,0.128,1,1,1,116.1,4,1
-17.99,0.0,0.0,66.2,9.7,162.5,3,0.384,2,2,1,300.5,0,0
-0.29,0.77,10.8,58.9,28.4,199.4,2,0.209,3,4,1,473.9,3,1
1.93,0.0,0.0,58.1,56.4,86.6,2,0.066,2,1,1,72.4,3,1
-1.48,1.49,14.0,46.8,58.3,33.4,2,0.359,2,1,1,277.4,3,1
0.22,0.47,8.3,73.3,25.3,46.4,2,0.158,1,0,3,130.1,3,1
5.57,0.0,0.0,52.7,54.6,95.5,3,0.548,3,0,2,146.7,2,1
5.8,1.8,23.2,81.5,74.4,198.0,2,0.477,3,0,2,331.9,3,1
12.02,4.02,48.4,45.6,6.9,157.7,3,0.238,1,1,3,66.2,1,1
1.03,0.0,0.0,66.9,15.6,210.3,2,0.297,3,4,2,283.7,3,1
8.59,0.59,9.1,82.3,164.0,238.7,3,0.277,2,0,1,64.1,2,1
5.61,0.0,0.0,32.7,88.9,60.6,3,0.433,2,0,1,559.1,2,0
4.62,0.0,0.0,95.3,79.2,171.3,3,0.445,2,2,1,535.6,2,1
6.08,0.0,0.0,58.6,0.8,120.0,3,0.348,1,5,1,166.4,2,1
-17.35,0.0,0.0,67.1,35.9,126.0,3,0.254,1,2,1,86.2,0,1
-17.22,0.0,0.0,73.6,82.3,88.3,3,0.546,2,0,1,187.8,0,1
3.98,0.0,0.0,75.9,17.1,92.1,3,0.522,3,1,1,65.6,1,0
-21.0,0.6,17.3,69.1,55.4,167.2,3,0.441,2,0,2,454.1,0,1
1.14,0.52,2.7,80.0,96.7,154.7,3,0.05,1,1,1,365.6,2,0
4.13,0.13,11.3,72.8,13.2,86.7,2,0.339,1,1,3,349.1,3,1
1.81,0.0,0.0,91.4,118.4,41.7,2,0.218,2,2,2,518.6,3,1
3.51,0.0,0.0,72.8,91.3,145.1,3,0.301,2,0,2,495.1,2,1
5.02,0.0,0.0,94.5,0.9,181.4,2,0.135,1,4,1,274.9,4,0
6.99,0.0,0.0,78.5,62.3,140.7,3,0.538,1,0,3,385.7,2,1
-17.05,0.0,0.0,37.9,43.5,15.8,3,0.087,2,0,1,293.0,0,0
0.86,0.08,0.0,98.0,73.2,78.5,2,0.222,1,2,2,393.2,3,1
8.07,0.07,0.0,56.4,63.2,190.2,3,0.147,2,0,1,133.3,2,1
6.45,2.45,37.5,87.4,72.4,182.1,2,0.131,2,0,1,215.0,3,1
6.24,0.0,0.0,65.4,4.8,17.3,3,0.58,1,0,1,188.5,2,1
7.43,0.0,0.0,80.9,150.1,120.8,3,0.404,2,0,2,142.1,2,1
-14.4,0.6,4.0,54.7,68.0,113.4,3,0.57,1,0,2,277.6,0,1
7.83,0.0,0.0,74.4,25.0,161.8,3,0.14,1,2,1,449.6,2,1
4.04,0.04,0.0,61.2,42.9,43.1,2,0.34,3,0,2,267.8,3,1
6.5,0.0,0.0,88.7,5.3,154.8,3,0.507,2,5,1,590.4,1,1
3.8,0.0,0.0,71.6,82.1,228.1,2,0.098,1,2,3,216.1,3,1
-20.24,0.15,12.9,79.0,1.9,98.6,3,0.133,1,2,1,571.5,0,0
6.75,0.0,0.0,32.5,29.0,90.9,3,0.285,1,3,2,156.5,1,1
1.61,0.23,8.2,63.7,177.2,21.4,3,0.345,3,1,2,226.4,2,1
3.01,0.0,0.0,71.2,157.0,27.9,2,0.05,2,0,1,140.2,4,1
8.26,0.26,8.1,68.4,74.9,224.6,3,0.05,2,3,1,180.9,1,1
7.1,0.0,0.0,79.4,59.9,234.5,3,0.624,1,0,1,136.4,1,1
8.72,0.72,21.4,59.5,1.2,16.3,3,0.051,3,0,3,393.7,2,0
4.32,0.0,0.0,65.7,58.8,217.7,2,0.138,3,1,1,160.3,4,1
2.12,0.0,0.0,82.7,4.3,54.1,2,0.362,1,0,2,96.8,4,1
-18.1,0.0,0.0,30.8,172.4,141.3,3,0.214,2,1,3,196.5,0,1
5.26,0.0,0.0,73.8,58.5,167.6,3,0.149,2,5,1,423.1,1,1
5.2,0.0,0.0,60.0,40.6,95.8,2,0.102,2,1,1,285.7,4,1
-14.67,0.33,11.1,51.3,3.4,134.0,3,0.36,1,0,1,135.9,0,0
4.1,0.0,0.0,70.0,49.5,156.2,2,0.709,1,0,1,84.9,4,1
5.88,0.0,0.0,83.4,71.0,58.6,3,0.05,2,0,2,451.1,1,1
2.53,0.0,0.0,80.6,147.0,238.7,2,0.251,2,0,1,437.3,4,1
6.13,0.0,0.0,63.0,8.3,60.9,3,0.748,2,1,2,303.8,1,1
5.01,0.0,0.0,78.1,7.3,17.3,3,0.492,2,2,1,340.3,2,0
0.63,0.22,11.6,78.0,26.6,227.5,2,0.276,1,1,2,182.3,3,0
-18.09,0.0,0.0,63.7,10.9,111.6,3,0.191,2,1,1,316.9,0,1
4.54,0.0,0.0,54.6,83.5,104.7,3,0.354,3,0,1,450.7,2,1
4.32,0.0,0.0,55.5,38.1,77.0,3,0.069,2,0,1,474.3,2,1
6.93,2.93,21.8,77.6,9.6,20.8,2,0.451,3,1,2,237.3,3,1
4.75,0.0,0.0,64.4,74.7,74.5,2,0.611,2,0,1,423.4,4,1
1.89,0.0,0.0,49.3,55.2,103.5,2,0.677,3,0,1,317.6,3,0
-0.24,1.35,12.9,39.7,14.4,132.1,3,0.178,2,1,2,456.6,2,1
2.76,0.0,0.0,77.5,55.1,118.0,3,0.615,1,0,1,429.9,2,1
4.34,0.0,0.0,56.8,11.6,212.8,3,0.634,3,0,1,462.7,2,1
3.29,0.0,0.0,70.0,24.3,220.0,2,0.459,2,0,1,140.7,4,1
8.45,0.45,5.9,83.6,107.9,86.4,3,0.234,3,0,1,227.2,1,1
-17.91,0.0,0.0,45.4,160.3,230.9,3,0.35,2,1,1,195.7,0,1
8.22,0.22,4.5,64.3,21.8,209.6,3,0.139,2,0,1,295.9,1,1
-17.35,0.0,0.0,62.4,29.3,223.7,3,0.328,1,2,1,305.7,0,0
-17.41,0.0,0.0,70.7,6.1,173.9,3,0.113,1,0,1,417.0,0,1
-17.72,0.0,0.0,83.6,45.7,59.6,3,0.342,2,0,1,363.3,0,0
2.51,0.0,0.0,45.1,8.4,58.9,2,0.219,3,0,1,368.9,3,1
6.8,2.8,13.9,73.5,50.0,219.4,2,0.222,3,4,1,398.1,3,1
-3.3,2.58,14.3,80.5,1.6,129.1,2,0.306,2,1,1,200.1,3,1
-0.0,1.2,6.2,62.2,125.2,215.4,3,0.297,2,2,1,174.4,2,1
1.14,0.0,0.0,62.9,148.0,177.1,2,0.348,1,3,2,168.4,3,1
-17.46,0.0,0.0,71.3,30.0,62.8,3,0.252,1,0,1,478.7,0,1
6.73,0.0,0.0,70.2,114.6,101.6,2,0.05,3,1,2,103.5,4,1
6.18,0.0,0.0,73.7,3.7,232.8,3,0.322,2,1,1,223.9,2,1
4.04,0.0,0.0,73.4,147.0,19.4,2,0.126,2,2,1,204.2,4,1
-14.95,0.05,0.0,50.3,5.0,175.8,3,0.405,3,0,2,375.6,0,1
7.58,0.0,0.0,79.9,7.7,235.2,3,0.27,1,4,1,558.3,2,1
2.96,0.0,0.0,82.5,59.3,38.4,2,0.559,3,1,3,533.2,3,0
7.41,0.0,0.0,67.8,44.7,76.2,3,0.351,2,3,1,108.0,2,1
5.68,0.0,0.0,42.6,41.6,138.1,3,0.542,1,0,1,347.1,2,1
-18.9,0.0,0.0,63.3,55.9,204.8,3,0.292,2,0,1,70.5,0,1
6.74,0.0,0.0,67.9,0.7,129.0,3,0.125,1,0,2,485.8,1,1
5.28,0.0,0.0,47.8,12.4,28.4,3,0.384,2,3,1,256.1,1,1
5.0,0.0,0.0,59.6,37.9,43.6,3,0.133,1,0,1,168.2,1,1
6.18,2.18,23.7,43.9,26.7,99.6,2,0.241,1,1,3,316.3,3,1
-3.63,2.78,20.3,74.1,14.3,87.6,2,0.05,2,0,1,289.3,3,1
-1.04,1.23,30.6,67.5,35.5,64.4,2,0.455,2,0,1,568.7,3,1
2.03,0.0,0.0,40.3,29.3,204.0,3,0.683,1,0,1,68.3,1,0
4.09,0.0,0.0,70.3,36.9,21.0,2,0.298,3,2,1,572.5,4,1
-18.14,0.0,0.0,64.2,61.8,201.6,3,0.255,1,0,1,178.9,0,0
1.23,0.46,14.3,72.7,20.1,222.4,3,0.331,2,2,1,129.8,1,0
-19.96,0.0,0.0,59.1,54.0,156.8,3,0.309,2,2,3,458.0,0,1
2.85,0.0,0.0,53.0,46.6,155.7,3,0.69,1,5,1,337.4,1,1
11.14,1.14,9.0,53.4,16.9,48.5,2,0.346,3,1,1,542.6,4,1
9.5,1.5,8.9,56.9,9.2,142.9,3,0.528,2,1,1,348.5,1,1
3.97,0.0,0.0,65.3,2.7,99.4,2,0.564,1,1,1,328.0,4,0
4.09,0.0,0.0,67.2,125.6,66.5,3,0.492,2,0,1,163.4,2,1
-0.37,0.82,13.4,62.1,2.9,146.2,2,0.438,2,1,1,572.4,3,0
0.23,1.06,25.1,58.7,22.1,15.3,3,0.108,1,2,2,415.5,2,0
4.71,0.0,0.0,59.7,53.2,77.2,3,0.261,1,0,1,380.9,1,1
0.01,0.6,3.9,98.0,52.3,162.6,2,0.301,2,0,2,484.5,3,1
4.79,0.0,0.0,53.4,111.0,117.4,2,0.115,2,1,2,105.7,4,1
1.0,0.6,11.8,56.6,42.7,47.8,3,0.349,1,2,1,526.5,1,1
0.6,0.24,0.9,98.0,14.5,15.3,2,0.299,2,0,2,325.3,3,1
5.37,0.0,0.0,71.3,79.4,75.8,3,0.204,1,3,2,491.2,1,1
3.42,0.0,0.0,44.3,55.0,138.5,2,0.27,1,0,1,441.9,3,1
3.54,0.0,0.0,77.6,48.0,135.3,2,0.051,2,0,1,298.2,3,0
1.7,0.18,10.4,51.3,148.3,44.5,3,0.463,1,4,1,473.3,2,1
4.64,0.64,6.6,78.6,51.2,153.1,2,0.515,1,0,1,446.4,3,1
3.0,0.0,0.0,61.8,40.0,239.8,3,0.257,1,1,2,52.0,1,1
-15.92,0.0,0.0,58.4,60.6,146.6,3,0.142,2,3,1,440.1,0,1
-17.53,0.0,0.0,89.1,18.8,133.7,3,0.445,2,0,1,329.8,0,1
1.56,0.26,5.2,73.5,33.9,155.1,3,0.05,2,0,1,511.7,2,1
4.21,0.0,0.0,79.6,1.6,212.9,2,0.282,2,4,3,495.3,4,1
-16.59,0.0,0.0,71.5,12.4,227.8,3,0.101,2,1,1,143.9,0,1
6.53,0.0,0.0,58.3,16.1,24.2,3,0.074,1,4,1,62.0,2,1
2.15,0.0,0.0,74.2,28.5,61.1,2,0.287,1,2,1,158.0,3,1
8.83,0.83,6.2,83.1,58.6,41.0,3,0.567,1,1,3,457.6,1,1
5.02,1.02,16.4,67.0,141.9,188.8,2,0.284,3,0,1,529.2,3,1
4.36,0.0,0.0,92.0,13.8,25.3,3,0.197,1,0,1,435.3,1,0
6.88,0.0,0.0,77.8,157.0,218.1,2,0.092,1,0,1,501.3,4,0
9.83,1.83,8.4,68.2,128.0,19.6,3,0.576,2,0,1,373.0,2,1
9.9,1.9,55.5,68.8,95.7,150.6,3,0.054,2,2,1,328.6,2,1
-20.57,0.34,11.7,67.1,95.8,77.0,3,0.608,3,5,2,583.7,0,1
2.68,0.0,0.0,46.2,165.0,120.9,3,0.187,1,4,2,94.3,2,1
8.71,0.0,0.0,63.6,6.5,114.4,2,0.394,1,4,1,281.7,4,1
-20.15,0.09,0.0,68.3,16.6,183.5,3,0.241,2,0,3,202.9,0,1
-0.81,1.08,20.8,58.8,99.2,126.7,2,0.371,2,1,1,117.1,3,1
3.78,0.0,0.0,70.1,57.1,109.8,3,0.414,3,0,1,383.1,2,1
3.55,0.0,0.0,65.3,1.0,179.3,2,0.349,2,1,1,194.8,3,0
2.24,0.0,0.0,76.6,174.4,223.3,2,0.317,2,4,1,304.6,3,0
3.37,0.0,0.0,74.9,4.5,193.6,3,0.085,1,3,1,125.1,2,1
3.31,0.0,0.0,67.5,50.7,180.8,3,0.647,3,2,1,264.5,1,0
0.72,0.17,4.3,44.5,4.3,124.7,2,0.361,2,0,1,160.1,3,0
-19.7,0.0,0.0,91.9,26.7,217.5,3,0.682,1,1,3,543.3,0,1
10.7,2.7,15.1,62.9,35.3,124.4,3,0.081,2,0,1,337.3,2,1
-16.76,0.0,0.0,63.8,25.0,224.3,3,0.118,2,1,1,489.7,0,1
4.72,0.72,12.0,59.9,159.7,195.7,2,0.069,1,0,1,317.1,3,1
1.28,0.0,0.0,57.7,44.7,48.8,2,0.445,2,2,2,73.3,3,0
-17.96,0.0,0.0,88.2,34.4,25.6,3,0.694,2,0,1,432.0,0,1
0.72,0.17,5.5,85.8,86.8,181.7,2,0.454,1,1,1,76.3,3,1
-1.63,2.18,23.7,71.7,85.8,169.3,3,0.464,3,3,2,267.3,2,1
-0.95,1.17,14.8,63.4,2.5,150.5,2,0.154,3,0,1,350.8,3,0
-22.03,1.22,27.2,74.3,4.4,234.7,3,0.395,1,1,2,478.9,0,1
-23.12,1.87,40.8,66.1,50.7,137.7,3,0.241,2,2,1,544.2,0,1
2.01,0.0,0.0,62.1,90.7,93.3,3,0.338,3,4,2,162.6,2,1
-14.19,0.81,10.7,70.1,49.8,142.1,3,0.167,2,0,1,415.0,0,1
4.89,0.0,0.0,58.4,6.4,21.4,3,0.133,3,1,3,308.6,1,1
5.73,1.73,10.1,68.8,85.8,145.3,2,0.218,1,0,1,472.1,3,1
-16.47,0.0,0.0,68.1,56.2,218.0,3,0.343,2,0,1,566.9,0,0
4.46,0.46,8.2,74.0,21.2,16.0,2,0.671,2,0,2,343.1,3,1
-19.75,0.0,0.0,55.7,91.8,205.2,3,0.05,1,1,1,207.7,0,1
-16.19,0.0,0.0,75.7,175.3,195.4,3,0.19,2,0,1,489.2,0,1
6.82,0.0,0.0,51.4,24.5,38.9,3,0.578,1,1,1,339.7,2,1
1.06,0.0,0.0,56.4,25.1,205.5,2,0.139,1,0,1,535.3,3,0
-16.1,0.0,0.0,57.1,36.0,186.8,3,0.521,1,0,1,361.3,0,0
6.42,0.0,0.0,48.9,31.2,125.5,3,0.604,1,2,1,565.4,1,1
3.63,0.0,0.0,80.2,45.4,70.2,2,0.212,1,0,1,59.6,4,1
2.19,0.0,0.0,50.5,126.9,79.8,2,0.586,1,0,1,456.4,4,1
2.04,0.0,0.0,54.5,37.0,152.8,3,0.282,1,0,2,240.6,2,1
5.22,0.0,0.0,83.8,22.8,70.4,3,0.32,1,0,1,417.7,2,0
5.82,0.0,0.0,56.4,5.6,88.2,3,0.297,1,0,1,568.3,1,0
0.52,0.29,13.1,62.2,103.0,224.4,2,0.47,3,2,1,409.7,3,1
5.07,0.0,0.0,49.8,23.9,179.1,3,0.412,1,1,1,459.7,2,1
6.43,0.0,0.0,77.5,51.2,180.6,3,0.445,2,0,1,136.9,1,1
-15.95,0.0,0.0,77.7,25.6,230.1,3,0.485,1,0,1,143.8,0,1
-13.62,1.38,10.9,76.1,12.3,16.3,3,0.467,1,2,1,365.4,0,1
8.19,0.0,0.0,73.1,149.8,70.0,2,0.629,2,0,2,286.8,4,1
2.5,0.0,0.0,66.1,89.1,163.0,3,0.221,1,0,1,111.1,2,1
9.21,1.21,21.5,57.1,28.5,113.6,3,0.166,2,0,1,450.6,2,1
3.67,0.0,0.0,52.8,54.6,40.4,3,0.155,2,2,1,434.4,2,1
5.11,1.11,7.4,84.3,159.5,190.8,2,0.373,1,1,1,100.4,3,1
-17.33,0.0,0.0,76.5,26.0,25.6,3,0.242,1,0,1,76.8,0,1
-18.53,0.0,0.0,54.6,61.1,137.4,3,0.282,3,0,1,258.3,0,1
0.48,0.91,62.7,65.6,10.8,141.6,3,0.339,1,2,3,398.1,1,1
4.57,0.0,0.0,60.5,1.6,158.1,3,0.46,3,0,1,541.5,2,0
-1.4,1.44,13.9,48.1,59.6,86.0,2,0.279,2,0,1,289.0,3,1
7.42,0.0,0.0,67.7,1.8,20.3,3,0.306,1,2,2,96.3,2,0
8.79,0.79,9.4,58.8,35.3,215.0,3,0.276,1,0,2,512.3,2,1
3.01,0.0,0.0,50.7,107.2,224.1,2,0.05,1,0,1,118.7,4,0
-16.75,0.0,0.0,42.8,12.5,123.4,3,0.255,2,1,1,400.6,0,1
3.19,0.0,0.0,41.5,36.7,19.6,3,0.556,3,1,1,277.4,2,1
3.43,0.0,0.0,59.4,23.0,145.7,3,0.058,1,0,1,550.3,2,1
6.94,0.0,0.0,63.7,154.7,86.1,3,0.207,3,0,1,437.7,2,1
4.9,0.0,0.0,51.9,58.2,56.1,2,0.699,1,0,1,50.1,4,1
9.35,1.35,24.6,74.8,0.5,53.0,3,0.308,1,0,3,255.0,1,1
3.79,0.0,0.0,64.0,30.7,55.3,2,0.469,2,0,1,149.2,4,0
7.5,0.0,0.0,73.7,45.6,89.4,3,0.078,3,0,2,205.9,1,1
5.24,0.0,0.0,62.3,86.3,78.1,3,0.477,2,0,1,269.4,2,1
6.99,0.0,0.0,53.2,37.4,203.2,3,0.113,3,0,1,347.8,2,1
3.88,0.0,0.0,66.7,5.1,126.4,2,0.62,2,0,2,489.1,4,1
4.88,0.0,0.0,46.1,120.6,111.2,3,0.239,3,1,1,97.5,2,0
4.71,0.0,0.0,73.1,29.7,47.8,3,0.573,3,1,1,292.6,1,1
-19.59,0.0,0.0,50.9,12.7,212.1,3,0.129,2,5,1,517.9,0,1
6.66,0.0,0.0,78.8,50.0,27.3,3,0.383,2,1,1,287.7,1,1
6.63,0.0,0.0,59.9,173.0,68.9,2,0.494,2,1,2,335.6,4,1
-16.02,0.0,0.0,80.9,144.0,154.8,3,0.292,3,0,1,478.2,0,1
8.84,0.0,0.0,48.2,0.8,173.0,2,0.533,2,2,2,442.1,4,1
8.62,0.62,18.3,54.8,168.8,195.3,3,0.136,1,1,1,330.5,2,1
-18.44,0.0,0.0,70.7,0.4,107.3,3,0.297,3,2,2,581.9,0,0
5.93,0.0,0.0,82.6,57.7,93.0,3,0.223,2,4,1,69.9,1,1
3.44,0.0,0.0,90.0,20.7,79.9,3,0.229,2,0,1,80.0,2,1
5.06,0.0,0.0,65.6,10.4,142.8,3,0.218,2,3,2,285.0,1,1
-19.0,0.0,0.0,92.6,17.8,93.4,3,0.447,1,1,1,136.8,0,1
6.55,2.55,35.2,60.7,100.0,88.8,2,0.368,2,1,1,169.1,3,1
3.41,0.0,0.0,81.5,14.4,18.8,2,0.233,1,0,2,132.5,3,0
-18.05,0.0,0.0,50.9,166.4,228.4,3,0.486,3,0,1,430.8,0,0
7.98,0.0,0.0,71.3,39.1,28.6,3,0.684,2,2,1,281.7,1,1
-0.43,1.46,9.0,30.0,24.2,75.9,3,0.3,3,0,1,508.8,1,1
-2.54,2.12,8.5,48.2,0.3,222.3,2,0.094,1,1,2,187.7,3,1
4.49,0.49,71.0,72.0,3.3,180.5,2,0.219,3,0,1,392.9,3,0
2.65,0.0,0.0,45.3,0.8,145.1,2,0.56,1,0,1,167.4,3,0
5.63,0.0,0.0,71.4,41.3,163.7,2,0.05,1,1,1,58.0,4,0
-0.82,1.09,25.8,78.6,116.3,36.8,2,0.15,3,2,1,428.9,3,1
4.94,0.0,0.0,57.5,140.9,196.9,3,0.453,2,3,1,130.0,1,1
-12.49,2.51,39.0,50.5,6.4,71.3,3,0.561,3,1,2,431.6,0,1
4.56,0.56,13.4,57.9,9.8,230.1,2,0.28,2,1,2,429.9,3,1
5.42,0.0,0.0,50.5,4.3,67.1,2,0.476,1,4,2,417.5,4,1
3.9,0.0,0.0,63.5,158.3,155.7,2,0.368,1,1,2,375.6,4,1
4.01,0.0,0.0,66.5,11.0,137.7,3,0.283,3,1,1,536.7,1,1
-0.32,1.39,9.2,60.4,6.5,47.2,3,0.537,2,2,1,91.6,1,1
-16.86,0.0,0.0,90.1,48.2,96.7,3,0.147,2,2,1,562.5,0,1
-15.39,0.0,0.0,54.2,21.6,190.8,3,0.332,1,2,1,86.3,0,1
1.06,0.56,5.9,85.9,11.4,62.8,3,0.597,1,1,1,322.4,2,1
3.35,0.0,0.0,49.4,44.3,231.6,3,0.452,3,1,1,557.8,2,1
2.11,0.0,0.0,66.1,5.1,81.5,3,0.54,3,1,2,197.9,1,1
2.59,0.0,0.0,82.7,0.6,156.0,3,0.313,1,1,1,510.8,1,0
5.13,0.0,0.0,82.0,1.2,154.2,2,0.725,1,1,1,376.3,4,0
-0.21,1.33,16.1,58.7,35.1,120.9,3,0.615,1,0,3,523.7,2,1
6.54,0.0,0.0,73.3,123.9,162.5,2,0.723,1,0,1,76.7,4,0
6.88,0.0,0.0,71.3,35.4,182.3,2,0.568,3,0,1,355.8,4,1
4.37,0.0,0.0,56.9,156.1,154.3,3,0.14,2,0,1,153.8,1,1
-1.2,1.92,8.2,74.2,49.0,141.0,3,0.498,1,0,1,59.9,1,1
2.51,0.0,0.0,92.9,96.1,151.5,2,0.211,3,0,1,428.9,4,1
5.58,1.58,20.7,72.1,71.6,105.4,2,0.197,3,0,3,462.3,3,1
-1.94,2.37,23.8,73.5,22.3,30.9,3,0.455,1,2,2,455.0,1,1
1.63,0.0,0.0,75.1,130.4,50.9,2,0.305,3,1,2,449.8,3,1
2.05,0.0,0.0,43.1,21.7,151.5,3,0.197,2,2,2,490.0,2,0
7.01,0.0,0.0,71.9,72.1,223.6,2,0.081,1,0,1,308.3,4,0
3.31,0.0,0.0,49.7,7.8,20.8,3,0.275,3,0,3,241.2,1,1
6.01,0.0,0.0,56.2,30.6,137.4,2,0.533,1,0,1,474.0,4,0
6.41,0.0,0.0,97.4,21.7,71.7,2,0.05,3,0,1,416.6,4,0
-12.91,2.09,22.0,61.2,102.2,141.4,3,0.126,2,0,3,160.0,0,1
-18.01,0.0,0.0,53.9,167.6,183.7,3,0.267,3,1,1,289.4,0,1
5.94,0.0,0.0,82.3,23.5,180.5,3,0.429,1,0,1,150.2,2,1
-21.21,0.73,4.7,50.8,67.1,178.1,3,0.352,1,2,2,478.4,0,1
7.98,0.0,0.0,58.3,167.5,190.3,3,0.181,3,1,1,185.9,1,1
3.1,0.0,0.0,83.7,33.1,31.3,3,0.151,3,0,1,392.5,2,1
3.6,0.0,0.0,65.6,10.4,129.7,2,0.28,3,2,1,454.5,4,0
4.94,0.0,0.0,41.6,5.4,73.9,2,0.506,1,1,1,595.4,4,0
-21.41,0.84,13.1,73.2,0.2,222.3,3,0.42,2,0,1,288.2,0,1
5.57,0.0,0.0,59.1,14.8,191.1,2,0.546,1,1,1,529.9,4,0
-15.08,0.0,0.0,88.1,102.2,39.2,3,0.602,1,1,1,415.4,0,1
3.23,0.0,0.0,55.9,5.9,69.7,2,0.647,2,1,1,54.6,3,0
1.03,0.0,0.0,80.8,52.3,117.4,2,0.282,2,3,1,265.2,4,1
4.69,0.0,0.0,91.6,28.8,231.7,2,0.323,2,0,1,266.8,4,0
6.86,0.0,0.0,52.2,40.5,39.7,3,0.437,1,0,1,115.8,1,1
0.31,0.0,0.0,62.1,9.2,142.8,2,0.249,3,2,1,290.4,4,0
-20.19,0.11,5.5,70.8,20.7,91.8,3,0.568,3,1,1,114.1,0,1
7.19,0.0,0.0,52.1,44.9,160.4,3,0.588,1,4,1,509.5,2,1
5.68,0.0,0.0,69.1,21.0,161.0,3,0.57,3,2,2,249.0,2,1
6.03,0.0,0.0,61.6,0.1,69.1,3,0.33,3,1,1,150.7,1,0
-12.85,2.15,16.8,61.3,73.1,191.8,3,0.676,1,1,1,381.0,0,1
3.67,0.0,0.0,65.7,4.6,35.5,2,0.37,2,0,1,521.7,3,1
6.64,0.0,0.0,66.1,31.6,199.1,3,0.081,3,0,1,564.2,1,1
9.28,5.28,36.8,67.5,31.6,62.7,2,0.507,2,0,1,541.9,3,1
4.47,0.0,0.0,56.0,8.8,147.7,3,0.579,1,0,1,535.1,2,1
3.01,0.0,0.0,56.7,105.0,93.1,3,0.135,2,1,1,241.4,1,1
6.07,0.0,0.0,63.2,4.0,152.2,2,0.122,3,1,1,328.0,4,0
-16.4,0.0,0.0,64.3,92.2,75.2,3,0.236,2,3,1,254.2,0,0
1.18,0.0,0.0,58.4,128.5,143.0,2,0.363,1,0,3,557.2,3,1
-0.08,0.65,16.8,69.9,19.6,16.8,2,0.265,1,0,1,101.1,3,1
10.77,2.77,15.9,37.8,33.7,99.3,3,0.256,3,0,1,354.9,1,1
5.82,0.0,0.0,54.0,8.5,200.9,3,0.347,2,1,1,185.8,1,1
-19.33,0.0,0.0,60.8,70.6,119.2,3,0.122,3,0,1,517.7,0,1
7.29,0.0,0.0,52.2,52.6,127.3,2,0.161,2,0,2,236.6,4,1
4.73,0.0,0.0,89.4,12.9,154.9,2,0.059,3,1,1,525.0,4,0
4.37,0.0,0.0,65.3,25.1,112.7,3,0.459,1,0,1,560.4,1,1
-16.09,0.0,0.0,67.7,13.5,210.1,3,0.219,3,1,1,144.6,0,1
-20.73,0.44,19.1,57.8,19.5,105.7,3,0.584,3,0,2,464.8,0,1
-16.62,0.0,0.0,64.8,48.1,227.1,3,0.539,1,0,1,242.5,0,0
9.78,0.0,0.0,46.8,10.9,212.3,2,0.475,1,3,1,271.8,4,1
6.17,0.0,0.0,62.5,121.1,109.7,2,0.459,3,0,1,200.9,4,1
-18.44,0.0,0.0,50.9,9.0,97.3,3,0.18,3,0,1,389.2,0,1
1.23,0.0,0.0,60.8,50.3,167.2,2,0.435,2,3,1,238.7,3,1
-18.53,0.0,0.0,30.0,18.4,184.9,3,0.426,2,0,1,457.3,0,1
4.37,0.0,0.0,48.1,71.5,56.8,3,0.069,3,0,3,478.2,1,1
4.06,0.0,0.0,87.0,55.9,69.2,3,0.28,2,0,1,267.3,2,1
4.79,0.79,19.3,77.5,153.1,47.9,2,0.11,2,1,1,52.6,3,1
0.67,0.0,0.0,84.8,35.6,186.2,2,0.489,2,1,3,86.3,4,1
-15.34,0.0,0.0,85.8,122.3,175.7,3,0.232,1,1,1,200.6,0,1
-18.45,0.0,0.0,75.1,2.5,57.5,3,0.193,3,4,1,574.6,0,1
5.94,0.0,0.0,58.2,130.7,135.8,3,0.612,3,0,1,266.6,1,1
2.18,0.0,0.0,49.4,12.1,187.0,3,0.216,1,0,2,459.3,1,1
8.32,0.0,0.0,82.2,104.2,228.1,2,0.338,1,4,1,564.8,4,1
5.61,1.61,7.6,66.0,121.0,55.2,2,0.431,1,0,1,237.9,3,1
7.4,0.0,0.0,98.0,22.4,83.5,3,0.206,1,4,1,358.7,1,1
1.21,0.0,0.0,59.5,27.0,93.4,2,0.509,3,4,1,518.8,4,0
7.07,0.0,0.0,94.6,19.3,155.6,3,0.367,3,4,2,388.1,2,1
6.01,0.0,0.0,62.6,10.4,45.7,3,0.462,2,0,1,111.7,2,1
0.99,0.61,20.5,85.0,59.3,58.5,3,0.339,1,1,1,473.3,2,1
-17.56,0.0,0.0,90.5,28.4,190.6,3,0.098,1,2,1,547.3,0,1
5.91,0.0,0.0,49.7,29.7,137.0,2,0.426,2,0,1,472.8,4,0
-16.11,0.0,0.0,57.7,9.8,51.1,3,0.302,1,1,2,463.9,0,1
-17.06,0.0,0.0,49.5,143.9,102.4,3,0.293,1,0,1,465.6,0,1
5.73,0.0,0.0,46.6,12.9,45.3,3,0.059,3,0,1,386.9,1,1
8.68,0.68,9.1,75.0,17.7,96.6,3,0.303,2,2,1,186.3,1,1
-14.43,0.57,3.7,62.1,1.7,105.0,3,0.254,3,5,2,551.0,0,1
-24.67,2.8,32.8,65.8,10.6,40.2,3,0.175,1,0,1,120.9,0,1
1.71,0.0,0.0,73.3,6.5,28.5,2,0.253,1,0,1,505.0,3,1
4.59,0.0,0.0,37.1,38.8,213.4,2,0.432,3,1,1,247.7,4,0
-21.88,1.13,3.9,84.3,59.7,214.7,3,0.424,3,0,2,420.6,0,1
5.24,0.0,0.0,59.8,53.4,15.6,3,0.102,2,1,2,492.8,1,1
8.12,0.12,7.2,73.0,47.2,159.3,3,0.298,2,1,1,489.2,2,1
2.28,0.0,0.0,74.3,16.0,36.1,2,0.456,1,0,1,138.6,4,0
3.34,0.0,0.0,85.6,8.2,197.3,2,0.686,2,2,1,386.0,3,0
0.21,0.47,18.5,63.4,6.6,212.9,2,0.222,1,0,1,168.0,3,0
3.32,0.0,0.0,33.1,31.9,153.7,3,0.367,1,0,1,111.7,2,1
8.69,0.69,16.8,65.9,45.1,153.0,3,0.105,2,2,1,332.5,2,1
-18.86,0.0,0.0,68.0,48.3,98.6,3,0.403,1,0,1,593.1,0,1
6.16,0.0,0.0,49.5,6.8,71.1,2,0.517,1,0,1,589.9,4,0
0.32,0.0,0.0,67.2,123.0,127.3,2,0.508,1,1,1,365.4,4,1
-12.84,2.16,9.6,59.6,6.6,45.1,3,0.482,1,0,1,474.7,0,1
4.01,0.01,0.0,44.9,54.2,166.3,2,0.31,3,0,2,187.3,3,1
-17.96,0.0,0.0,75.1,12.5,120.8,3,0.298,3,2,1,173.4,0,1
3.94,0.0,0.0,56.5,17.8,55.0,2,0.371,1,0,2,438.6,3,0
1.48,0.0,0.0,58.9,58.2,147.4,2,0.492,1,0,2,482.3,4,1
-14.54,0.46,25.6,58.1,150.2,193.9,3,0.411,3,0,2,458.0,0,1
4.19,0.0,0.0,83.5,12.1,147.5,3,0.651,1,1,2,107.5,2,1
-18.01,0.0,0.0,64.4,52.3,134.2,3,0.541,2,0,2,245.9,0,1
3.77,0.0,0.0,66.2,5.0,205.7,3,0.426,1,2,1,74.3,2,1
3.55,0.0,0.0,58.4,59.3,17.4,2,0.541,2,0,1,482.4,4,1
-15.76,0.0,0.0,71.9,10.0,153.8,3,0.132,1,2,2,221.5,0,1
5.64,0.0,0.0,85.2,8.3,107.2,3,0.503,2,2,1,286.4,1,0
6.63,0.0,0.0,74.7,69.2,58.6,2,0.386,2,2,1,368.4,4,1
4.98,0.0,0.0,75.3,11.5,235.4,3,0.606,1,1,1,50.3,1,1
-16.22,0.0,0.0,74.1,5.0,105.9,3,0.296,2,0,1,244.8,0,1
3.95,0.0,0.0,44.3,73.0,90.4,3,0.253,2,0,1,450.0,2,0
10.57,2.57,20.8,51.9,156.1,53.0,3,0.577,3,0,1,207.3,2,1
-1.42,1.45,7.8,61.9,135.0,239.5,2,0.134,2,0,1,363.8,3,1
8.15,0.15,3.0,54.1,36.3,207.6,3,0.246,1,0,1,587.4,1,1
8.42,0.0,0.0,49.0,50.3,30.7,2,0.513,2,1,1,115.0,4,1
2.87,0.0,0.0,36.9,76.5,142.3,3,0.305,1,0,2,197.5,2,1
10.57,2.57,17.0,44.8,3.1,48.2,3,0.342,3,4,2,426.2,1,1
7.49,0.0,0.0,61.2,124.0,176.1,2,0.651,3,1,1,379.1,4,1
7.43,0.0,0.0,64.0,3.6,123.9,2,0.38,1,0,1,587.9,4,1
5.07,0.0,0.0,53.1,125.1,39.8,3,0.383,2,0,2,69.0,2,1
-18.04,0.0,0.0,66.2,20.6,140.3,3,0.259,2,1,1,532.9,0,1
4.48,0.0,0.0,58.5,50.8,219.9,3,0.05,1,0,1,318.7,2,0
5.98,0.0,0.0,81.4,36.0,91.8,3,0.05,2,0,1,174.8,2,1
-14.0,1.0,14.3,62.6,5.7,26.4,3,0.501,2,1,2,326.9,0,1
2.95,0.0,0.0,75.4,52.1,227.7,2,0.174,2,1,1,276.7,3,1
2.72,0.0,0.0,68.0,142.6,46.9,2,0.07,2,0,1,148.6,4,0
-15.44,0.0,0.0,44.0,43.0,121.9,3,0.279,2,0,1,170.7,0,1
4.8,0.8,7.5,63.6,42.8,137.6,2,0.492,2,0,3,208.5,3,1
-15.86,0.0,0.0,46.5,1.9,68.3,3,0.269,2,0,2,353.7,0,1
4.36,0.36,25.4,63.4,34.0,54.9,2,0.285,2,0,1,95.7,3,1
4.32,0.0,0.0,53.8,25.0,40.5,3,0.721,2,2,3,98.9,2,1
-19.82,0.0,0.0,70.7,2.9,30.7,3,0.145,2,1,1,232.5,0,0
2.83,0.0,0.0,44.9,110.9,129.3,2,0.095,1,0,2,439.0,4,1
-21.59,0.95,12.8,65.2,15.5,204.5,3,0.411,2,5,2,588.1,0,1
5.59,0.0,0.0,73.6,58.6,43.5,3,0.136,2,1,2,56.6,2,1
-17.71,0.0,0.0,78.6,86.1,172.6,3,0.071,1,0,1,584.8,0,1
3.9,0.0,0.0,53.5,28.4,107.8,2,0.469,1,2,1,427.3,4,0
-4.89,3.53,31.3,65.3,77.9,22.9,2,0.295,2,2,1,545.5,3,1
1.88,0.0,0.0,67.8,36.9,135.6,2,0.481,1,1,1,345.0,4,1
7.8,0.0,0.0,88.2,42.6,71.7,3,0.228,1,0,2,304.6,2,1
3.34,0.0,0.0,42.8,11.7,151.2,3,0.102,1,2,1,481.8,2,1
3.4,0.0,0.0,51.3,12.9,93.6,2,0.133,2,0,1,353.1,3,0
-0.98,1.19,36.0,98.0,20.8,165.0,2,0.555,3,0,1,543.6,3,1
8.6,0.0,0.0,60.9,5.1,221.7,2,0.382,3,2,1,541.2,4,1
-17.86,0.0,0.0,36.6,2.2,70.0,3,0.38,3,2,1,341.8,0,1
3.23,0.0,0.0,56.3,15.4,226.5,2,0.302,3,1,1,365.6,3,0
-11.69,3.31,52.8,30.0,96.6,61.0,3,0.145,1,0,1,301.0,0,1
8.79,0.79,8.8,68.6,11.8,30.9,3,0.339,1,0,1,429.2,1,1
4.23,0.0,0.0,77.1,108.8,58.4,2,0.776,1,2,1,425.3,4,1
3.52,0.0,0.0,51.3,96.2,198.4,3,0.189,1,1,3,407.8,1,0
1.69,0.0,0.0,57.9,148.9,167.5,2,0.642,3,2,1,84.3,3,1
6.27,0.0,0.0,78.9,64.6,233.4,3,0.482,3,0,1,580.0,2,1
4.74,0.0,0.0,38.7,125.9,174.7,3,0.608,2,4,2,234.6,1,1
4.01,0.0,0.0,45.2,3.1,107.8,3,0.733,3,0,1,185.4,1,0
8.67,0.67,4.1,61.6,28.8,215.8,3,0.176,2,0,1,166.1,2,1
2.21,0.0,0.0,53.7,147.7,230.6,2,0.104,2,2,1,88.1,3,1
8.25,4.25,25.9,60.6,35.6,193.1,2,0.465,1,0,1,301.4,3,1
5.23,0.0,0.0,46.0,136.4,140.2,2,0.455,3,1,1,72.9,4,1
9.46,0.0,0.0,68.2,122.9,200.8,2,0.142,2,1,2,138.5,4,1
3.39,0.0,0.0,62.8,3.4,55.3,2,0.551,1,2,1,52.9,3,0
4.91,0.91,27.6,73.2,19.5,217.6,2,0.421,1,0,1,146.1,3,1
3.19,0.0,0.0,68.0,48.8,239.9,3,0.381,3,0,2,597.4,1,1
2.87,0.0,0.0,68.1,7.7,164.7,3,0.115,3,1,1,347.8,2,1
-16.35,0.0,0.0,43.3,15.3,59.1,3,0.603,2,2,1,86.9,0,0
7.47,0.0,0.0,72.4,89.4,47.5,3,0.754,3,3,2,360.3,1,1
5.1,0.0,0.0,60.0,53.5,230.9,2,0.328,1,0,1,380.4,4,1
1.78,0.13,4.9,62.5,14.6,211.1,3,0.357,3,1,1,351.2,2,1
-20.9,0.54,16.1,80.7,64.3,183.5,3,0.288,2,0,1,234.8,0,1
-1.07,1.24,8.6,54.2,1.1,228.6,2,0.451,2,0,2,411.5,3,1
0.58,0.0,0.0,85.3,101.5,128.3,2,0.05,3,0,2,128.4,4,1
5.27,0.0,0.0,86.7,9.1,214.7,2,0.3,3,0,2,170.8,4,1
7.81,0.0,0.0,76.3,161.7,51.6,3,0.516,1,0,1,597.1,1,0
4.97,0.0,0.0,50.3,50.8,56.1,3,0.207,3,0,1,278.6,2,1
-0.65,1.59,11.1,32.2,43.0,130.3,3,0.588,2,0,1,131.3,2,1
4.52,0.0,0.0,81.2,49.2,89.8,3,0.749,1,2,2,169.4,1,1
4.59,0.0,0.0,66.7,5.1,112.3,3,0.586,2,0,1,448.3,1,1
10.24,2.24,18.8,53.8,35.6,194.6,3,0.329,2,2,1,113.9,1,1
1.36,0.0,0.0,82.6,134.2,27.0,2,0.456,2,2,1,244.7,4,1
1.52,0.0,0.0,52.1,150.9,177.2,2,0.227,2,0,1,230.6,3,0
9.26,0.0,0.0,58.6,8.4,34.9,2,0.838,1,1,1,175.4,4,1
6.12,0.0,0.0,72.9,32.2,205.7,2,0.114,1,0,3,312.3,4,1
6.41,0.0,0.0,48.3,64.1,60.4,2,0.733,3,0,1,110.6,4,1
-17.21,0.0,0.0,63.4,133.0,180.4,3,0.571,1,1,1,301.1,0,1
5.82,0.0,0.0,81.3,57.9,148.2,2,0.158,2,1,1,67.9,4,1
-15.56,0.0,0.0,68.2,9.8,101.8,3,0.513,2,0,1,583.7,0,1
2.98,0.0,0.0,83.7,141.6,75.2,3,0.35,1,3,1,382.7,2,0
7.2,0.0,0.0,82.0,20.4,27.9,3,0.29,1,1,1,91.3,2,1
1.57,0.26,2.9,65.1,42.5,94.5,3,0.275,1,0,1,154.9,1,1
-16.68,0.0,0.0,30.0,130.1,60.1,3,0.285,3,0,2,455.0,0,1
-17.05,0.0,0.0,48.4,4.5,45.6,3,0.39,3,3,1,452.4,0,1
3.46,0.0,0.0,76.5,137.0,181.2,2,0.683,1,5,1,250.7,4,1
4.94,0.0,0.0,41.7,10.8,62.8,3,0.06,1,1,1,131.6,1,0
3.44,0.0,0.0,60.1,155.9,65.2,3,0.123,2,2,1,344.8,1,1
2.32,0.0,0.0,70.1,143.2,91.6,2,0.092,2,1,1,202.0,4,0
-18.38,0.0,0.0,87.0,177.4,119.1,3,0.564,2,0,1,103.2,0,1
2.24,0.0,0.0,56.4,89.2,130.6,2,0.364,2,3,1,240.3,4,1
5.81,0.0,0.0,55.3,100.0,164.5,2,0.154,2,1,1,463.1,4,1
2.12,0.0,0.0,64.2,6.6,147.4,3,0.304,1,1,3,244.8,2,1
-15.72,0.0,0.0,70.3,67.5,123.4,3,0.423,3,1,3,72.4,0,1
-20.45,0.27,2.7,62.7,136.0,103.6,3,0.15,2,1,2,116.2,0,1
3.58,0.0,0.0,80.7,23.8,74.8,3,0.351,1,0,1,378.0,1,1
3.44,0.0,0.0,53.0,39.8,174.7,3,0.4,3,1,1,337.2,2,1
-14.19,0.81,10.3,66.8,3.2,86.4,3,0.05,1,0,1,421.2,0,1
5.83,0.0,0.0,71.7,37.1,206.2,3,0.488,1,0,1,364.5,2,1
-18.03,0.0,0.0,59.0,61.9,146.9,3,0.62,1,0,1,323.5,0,0
6.25,0.0,0.0,77.6,39.2,157.6,3,0.45,2,0,3,311.3,2,1
-22.77,1.66,12.5,67.2,17.9,129.5,3,0.249,2,3,2,578.8,0,1
2.39,0.0,0.0,76.8,23.0,223.9,2,0.324,2,0,1,524.3,3,1
-12.51,2.49,88.2,67.9,6.8,109.9,3,0.196,1,0,1,260.6,0,1
-17.17,0.0,0.0,70.6,63.4,111.1,3,0.437,1,2,2,409.4,0,1
-17.33,0.0,0.0,55.5,14.4,215.9,3,0.557,1,2,2,61.2,0,1
6.37,0.0,0.0,55.5,12.7,151.1,2,0.204,2,1,1,61.5,4,1
-15.26,0.0,0.0,83.4,12.6,116.1,3,0.363,1,4,1,225.2,0,1
0.01,1.2,30.0,74.5,173.6,74.0,3,0.306,2,1,1,465.1,2,1
0.79,0.72,25.6,49.7,96.2,70.1,3,0.463,2,1,1,559.0,2,1
5.53,0.0,0.0,67.7,8.9,195.3,3,0.492,2,0,1,425.6,2,1
0.71,0.17,4.9,30.0,9.8,77.9,2,0.34,2,0,1,438.5,3,1
8.28,0.0,0.0,56.4,15.2,16.3,2,0.153,2,0,1,67.7,4,1
4.21,0.0,0.0,79.4,11.2,19.4,3,0.213,1,2,1,561.6,1,1
0.16,0.0,0.0,63.1,112.6,235.1,2,0.325,2,1,2,97.7,4,0
1.83,0.1,20.6,66.8,3.9,141.0,3,0.451,1,2,1,570.8,1,1
-1.87,1.12,6.6,30.0,23.6,125.0,2,0.645,2,1,1,127.9,4,1
4.41,0.0,0.0,59.1,29.9,221.5,3,0.741,2,1,1,68.4,2,1
2.03,0.0,0.0,70.1,22.2,94.1,2,0.125,2,0,2,360.0,3,1
3.94,0.0,0.0,72.0,30.6,193.9,2,0.589,3,0,1,112.5,4,0
5.2,1.2,15.1,79.4,12.3,177.4,2,0.339,1,1,1,65.8,3,1
8.0,0.0,0.0,61.8,12.2,122.3,2,0.789,1,0,1,417.3,4,0
4.57,0.0,0.0,62.5,5.8,189.3,3,0.28,3,3,1,456.0,2,0
-22.84,1.7,14.8,45.0,11.7,232.3,3,0.458,1,0,3,211.1,0,1
6.54,0.0,0.0,61.9,96.4,60.1,3,0.469,2,0,1,343.4,2,0
-16.11,0.0,0.0,46.1,7.5,18.9,3,0.368,1,1,1,372.3,0,1
5.77,0.0,0.0,37.3,20.5,199.8,2,0.508,2,0,1,138.5,4,0
7.45,0.0,0.0,48.7,6.4,105.8,3,0.057,2,1,1,292.0,1,0
2.09,0.0,0.0,87.6,132.3,137.5,3,0.194,3,0,2,400.3,1,1
10.02,2.02,27.3,60.9,177.1,65.1,3,0.275,2,0,1,537.1,1,1
0.1,0.54,2.3,68.3,97.0,204.4,2,0.224,2,1,2,280.4,3,1
6.87,0.0,0.0,57.3,22.2,177.3,3,0.168,3,0,1,434.6,2,1
0.78,0.0,0.0,38.1,177.2,229.5,2,0.14,3,1,1,325.9,4,1
2.67,0.0,0.0,79.0,42.0,121.9,3,0.542,1,0,3,438.9,2,1
8.79,0.79,4.7,32.4,111.7,234.7,3,0.4,2,1,1,483.9,1,1
-18.15,0.0,0.0,56.7,145.5,129.9,3,0.068,1,0,2,341.8,0,1
-15.4,0.0,0.0,64.2,12.6,154.8,3,0.344,1,0,1,83.6,0,0
5.59,0.0,0.0,68.5,21.9,166.7,3,0.234,3,1,1,531.5,1,1
4.74,0.0,0.0,54.1,4.6,125.2,2,0.399,3,1,3,380.5,4,1
8.41,0.41,4.0,37.4,10.8,141.6,3,0.797,3,3,1,380.4,2,1
4.41,0.0,0.0,53.0,118.0,65.2,2,0.148,2,2,1,330.2,4,0
-21.95,1.17,43.7,53.8,14.8,96.5,3,0.231,1,1,1,145.7,0,1
-19.51,0.0,0.0,53.4,163.3,172.9,3,0.21,1,0,1,317.4,0,1
6.38,0.0,0.0,79.6,62.1,23.8,2,0.22,1,2,1,345.3,4,1
-16.51,0.0,0.0,46.8,45.7,172.6,3,0.093,1,1,1,261.1,0,1
-21.42,0.85,9.0,69.5,48.6,83.3,3,0.373,2,2,3,132.0,0,1
3.19,0.0,0.0,67.4,53.2,76.2,3,0.206,2,1,1,469.2,2,1
3.55,0.0,0.0,79.4,88.0,171.0,2,0.307,1,0,1,301.1,4,1
1.59,0.0,0.0,63.0,6.8,63.4,2,0.208,1,2,1,435.4,3,1
-20.94,0.56,7.7,76.9,10.4,231.4,3,0.786,1,2,1,75.8,0,1
3.43,0.0,0.0,62.4,15.8,237.9,2,0.423,3,0,1,327.4,4,1
3.18,0.0,0.0,71.5,179.1,118.1,2,0.402,1,1,1,90.6,4,1
6.93,0.0,0.0,42.5,12.9,105.3,2,0.483,1,1,1,453.4,4,0
7.02,0.0,0.0,30.0,34.0,32.8,2,0.354,2,1,2,369.5,4,1
4.64,0.0,0.0,70.7,80.5,190.1,3,0.827,1,3,3,298.3,1,1
4.02,0.0,0.0,71.5,1.8,51.6,2,0.404,1,0,2,585.1,4,0
5.35,0.0,0.0,72.1,12.5,224.9,3,0.205,3,0,1,229.3,1,1
2.96,0.0,0.0,57.1,51.4,237.9,2,0.262,1,0,2,282.6,4,1
2.13,0.0,0.0,87.3,12.3,42.5,3,0.625,1,3,1,455.6,2,0
0.15,0.51,8.1,58.1,12.1,168.7,2,0.159,1,0,1,338.8,3,0
0.91,0.05,0.0,71.3,57.5,119.8,2,0.05,1,1,1,412.2,3,0
-0.41,0.85,7.1,73.9,43.5,136.8,2,0.208,3,2,1,587.0,3,1
2.91,0.0,0.0,90.8,39.5,55.4,2,0.595,2,2,1,432.6,3,0
4.32,0.32,18.4,60.2,41.9,177.8,2,0.495,2,0,1,132.9,3,1
-1.47,1.48,14.2,55.2,43.3,52.5,2,0.486,2,0,1,165.1,3,1
-17.44,0.0,0.0,42.5,47.1,214.2,3,0.107,1,5,3,528.4,0,1
4.45,0.0,0.0,88.3,69.3,117.1,2,0.097,2,1,1,76.4,4,1
5.85,0.0,0.0,71.3,81.6,157.8,3,0.165,1,0,1,330.0,2,1
4.97,0.0,0.0,71.8,53.7,222.4,3,0.444,3,0,1,548.3,1,1
1.37,0.38,7.7,98.0,143.3,181.0,3,0.418,2,2,1,476.9,2,0
1.84,0.0,0.0,69.9,121.7,136.7,2,0.064,1,3,3,113.6,4,1
5.07,0.0,0.0,45.5,11.4,105.6,2,0.391,3,1,1,457.3,4,0
7.57,0.0,0.0,62.1,66.1,119.0,2,0.556,1,0,1,260.1,4,1
-0.54,1.52,33.3,50.4,154.3,91.9,3,0.777,1,1,1,545.7,2,1
3.36,0.0,0.0,59.1,55.1,227.9,2,0.266,1,0,1,365.0,3,1
7.97,0.0,0.0,59.0,8.5,71.9,3,0.124,1,3,1,351.8,1,0
2.12,0.0,0.0,56.2,27.9,107.1,2,0.245,1,0,3,54.8,3,1
3.88,0.0,0.0,44.1,54.0,190.1,2,0.309,3,0,2,187.3,3,0
3.24,0.0,0.0,88.9,93.2,97.0,3,0.767,1,0,1,277.0,1,1
4.7,0.0,0.0,69.5,34.2,214.5,3,0.133,1,0,1,448.2,1,1
-21.55,0.93,12.8,61.6,4.5,69.7,3,0.636,1,0,2,336.0,0,1
-23.36,2.02,37.3,76.4,8.7,22.1,3,0.281,1,1,1,518.9,0,1
7.36,0.0,0.0,72.1,95.8,156.5,3,0.395,1,0,2,68.9,2,1
2.54,0.0,0.0,69.1,7.1,129.4,3,0.316,1,1,1,227.6,2,1
-18.64,0.0,0.0,75.3,106.3,224.9,3,0.95,1,0,2,378.7,0,1
1.53,0.28,3.7,67.0,2.2,110.2,3,0.34,1,0,1,412.3,2,0
-1.02,1.21,20.9,75.1,44.5,45.5,2,0.081,1,1,2,326.3,3,1
4.57,0.0,0.0,76.3,43.0,89.2,3,0.387,2,1,2,269.4,1,1
3.18,0.0,0.0,67.4,8.9,103.5,3,0.296,3,0,1,89.4,1,1
5.94,0.0,0.0,61.7,32.0,146.2,3,0.229,1,2,1,432.9,1,1
6.13,0.0,0.0,88.0,30.1,76.8,3,0.213,2,0,1,547.0,2,1
5.8,0.0,0.0,57.8,3.3,138.8,3,0.418,2,0,2,494.9,1,1
3.1,0.0,0.0,70.9,57.8,219.3,2,0.653,2,0,1,435.7,3,1
8.94,0.94,5.2,71.2,60.3,110.3,3,0.165,2,1,3,398.8,1,1
2.33,0.0,0.0,55.9,141.0,161.6,3,0.186,2,0,1,474.6,2,1
4.86,0.0,0.0,52.9,38.5,66.5,3,0.478,3,0,1,477.2,1,1
-14.67,0.33,11.2,59.7,115.0,195.3,3,0.516,1,0,2,53.8,0,0
5.66,1.66,8.0,57.6,0.4,75.7,2,0.571,2,0,2,246.8,3,1
1.45,0.33,8.8,43.1,0.0,145.5,3,0.177,2,0,1,527.4,1,1
4.22,0.0,0.0,55.2,52.9,82.6,3,0.445,3,1,2,517.9,1,1
5.9,1.9,14.2,69.0,22.2,30.2,2,0.439,2,1,1,440.5,3,0
6.27,0.0,0.0,84.0,107.4,86.9,2,0.305,3,0,1,220.0,4,0
2.99,0.0,0.0,73.3,0.7,62.7,2,0.594,2,0,1,488.9,3,0
4.46,0.0,0.0,30.0,59.4,215.9,2,0.358,2,0,1,177.4,4,1
4.04,0.0,0.0,74.6,47.5,74.9,2,0.133,3,5,1,173.3,4,0
5.72,0.0,0.0,56.6,10.5,234.2,3,0.69,2,2,1,344.7,2,1
1.87,0.0,0.0,71.8,52.8,125.8,2,0.105,2,0,2,364.2,3,1
4.89,0.0,0.0,64.8,46.6,64.7,3,0.351,3,4,1,243.2,1,1
5.2,0.0,0.0,62.1,9.5,103.1,3,0.59,1,0,1,382.1,2,1
3.3,0.0,0.0,63.5,25.6,56.3,3,0.263,3,0,1,440.0,2,0
6.33,0.0,0.0,64.7,11.6,202.6,2,0.152,3,4,1,149.1,4,0
12.29,2.29,15.9,85.2,154.2,42.0,2,0.258,2,1,1,208.7,4,1
0.56,0.87,10.4,64.7,10.7,211.5,3,0.62,1,1,3,434.9,2,1
3.31,0.0,0.0,81.3,9.4,25.3,2,0.168,1,1,3,560.0,3,0
3.1,0.0,0.0,79.1,9.8,82.4,3,0.461,1,4,1,536.4,1,1
6.44,0.0,0.0,75.0,2.6,46.5,2,0.484,1,0,1,121.3,4,0
5.12,0.0,0.0,38.2,10.0,169.2,3,0.255,2,0,1,363.3,2,1
6.9,0.0,0.0,81.7,43.6,130.3,3,0.286,3,0,1,490.1,2,1
5.44,1.44,41.1,58.1,7.3,226.4,2,0.649,2,5,1,180.5,3,1
2.98,0.0,0.0,75.7,5.1,97.4,2,0.687,1,0,3,403.8,3,1
-14.67,0.33,7.3,50.4,2.5,24.2,3,0.399,3,0,1,285.2,0,1
-0.86,1.72,34.4,47.2,42.3,186.4,3,0.544,3,0,1,414.5,1,1
-13.52,1.48,8.2,94.6,11.5,145.4,3,0.29,2,0,3,67.7,0,1
3.44,0.0,0.0,50.6,49.7,201.2,2,0.05,1,1,1,222.1,3,0
-14.81,0.19,3.2,82.2,20.2,110.9,3,0.17,2,0,1,219.0,0,0
1.95,0.03,0.0,66.8,178.6,181.1,3,0.05,2,2,2,280.3,1,1
2.92,0.0,0.0,58.7,10.1,53.5,3,0.296,1,1,1,113.0,2,1
2.86,0.0,0.0,64.3,156.9,239.9,2,0.05,2,0,1,290.1,3,1
4.96,0.0,0.0,45.5,16.6,54.1,3,0.111,2,2,1,347.8,2,0
5.71,0.0,0.0,64.8,7.8,201.7,2,0.27,1,0,1,64.7,4,1
7.71,0.0,0.0,48.8,42.4,62.8,2,0.737,3,1,1,215.5,4,0
-21.91,1.15,31.7,59.1,83.8,191.1,3,0.463,3,1,2,147.5,0,1
7.43,0.0,0.0,78.9,19.1,208.8,2,0.315,2,0,1,584.7,4,1
2.52,0.0,0.0,68.8,46.6,212.2,2,0.465,1,0,1,121.6,3,1
1.99,0.0,0.0,42.8,46.2,122.0,2,0.259,1,1,3,395.1,3,1
-21.18,0.71,34.7,77.8,15.0,111.5,3,0.56,2,1,3,271.0,0,1
3.76,0.0,0.0,64.9,71.2,202.6,2,0.062,3,1,2,208.0,3,1
-3.54,2.72,23.6,56.9,10.9,145.4,2,0.383,2,0,2,519.7,3,1
6.62,0.0,0.0,76.2,9.7,154.8,3,0.459,1,0,3,415.2,2,1
-21.23,0.74,12.7,62.5,3.6,68.1,3,0.27,1,4,2,391.2,0,1
5.13,0.0,0.0,47.5,26.8,115.4,3,0.309,1,0,1,101.5,2,1
4.7,0.0,0.0,92.7,147.3,98.1,2,0.395,2,5,1,192.4,4,1
5.42,1.42,19.7,64.7,152.6,164.7,2,0.076,2,1,1,202.1,3,1
-17.95,0.0,0.0,63.8,98.3,59.2,3,0.737,1,1,1,288.9,0,0
3.26,0.0,0.0,58.9,28.7,106.3,2,0.131,2,0,1,556.8,4,0
3.73,0.0,0.0,82.7,53.1,206.0,2,0.582,3,2,1,272.0,4,1
-14.32,0.68,19.9,57.1,19.3,138.0,3,0.436,2,3,1,230.4,0,1
6.34,0.0,0.0,41.8,4.3,216.6,2,0.075,1,1,1,89.0,4,1
4.04,0.0,0.0,54.8,112.1,67.3,3,0.12,2,1,1,261.7,2,0
4.41,0.0,0.0,84.9,44.6,114.0,3,0.141,3,0,1,78.8,2,1
1.08,0.55,9.3,77.5,33.6,127.6,3,0.208,1,0,1,250.9,2,1
3.47,0.0,0.0,61.2,15.4,105.1,2,0.219,1,5,1,582.3,3,1
0.6,0.0,0.0,85.6,156.0,169.0,2,0.677,2,0,1,355.8,4,1
4.38,0.38,3.5,76.2,3.2,48.5,2,0.219,1,0,1,164.9,3,0
5.32,0.0,0.0,61.0,172.3,131.9,2,0.169,3,0,1,214.6,4,1
10.97,0.97,23.9,62.5,132.4,46.2,2,0.13,2,2,2,364.1,4,1
-20.25,0.15,14.8,69.9,63.3,156.6,3,0.572,1,1,1,60.6,0,1
4.74,0.0,0.0,52.5,12.9,201.8,3,0.094,3,1,2,544.8,1,1
7.0,3.0,44.1,65.1,7.9,19.5,2,0.61,2,0,2,368.0,3,1
7.98,0.0,0.0,69.6,31.7,117.8,3,0.667,2,0,3,320.8,2,1
-19.24,0.0,0.0,39.7,173.8,125.9,3,0.225,1,0,2,443.9,0,1
-16.94,0.0,0.0,62.2,143.4,177.1,3,0.518,2,4,1,160.1,0,1
5.0,0.0,0.0,60.5,20.1,31.8,3,0.316,3,0,1,61.9,2,1
3.2,0.0,0.0,80.4,12.9,106.4,2,0.116,1,4,1,388.4,3,1
-19.25,0.0,0.0,37.3,9.5,191.7,3,0.369,1,0,1,138.0,0,0
-17.72,0.0,0.0,59.3,42.5,134.7,3,0.481,3,2,1,56.7,0,1
-21.5,0.9,23.4,57.8,6.8,183.7,3,0.481,1,1,3,560.9,0,1
5.34,0.0,0.0,79.4,20.4,96.9,3,0.322,1,2,1,483.6,2,0
-16.37,0.0,0.0,64.3,97.5,222.0,3,0.05,1,1,1,112.8,0,1
4.43,0.0,0.0,91.9,24.4,32.4,3,0.057,2,2,3,543.0,2,1
0.96,0.62,37.2,74.9,54.5,35.5,3,0.248,2,1,1,87.2,2,1
7.47,0.0,0.0,58.8,0.9,133.9,3,0.506,1,0,1,491.6,2,1
3.41,0.0,0.0,68.6,1.9,120.9,2,0.179,1,3,1,278.0,3,1
3.18,0.0,0.0,59.7,36.9,158.7,3,0.358,2,1,1,335.0,2,1
1.8,0.0,0.0,77.9,27.1,66.5,2,0.246,2,0,1,417.6,3,0
-1.25,1.35,12.5,45.0,13.4,65.9,2,0.183,1,0,1,104.3,3,1
2.44,0.0,0.0,52.6,3.6,183.5,2,0.269,2,1,1,549.3,4,1
1.16,0.0,0.0,71.8,4.8,80.6,2,0.441,2,3,1,129.0,3,1
8.07,0.07,0.0,83.4,56.1,178.6,3,0.098,1,2,1,567.9,2,1
3.4,0.0,0.0,32.0,29.2,159.2,3,0.151,1,0,1,100.3,2,1
6.6,0.0,0.0,85.6,37.9,33.7,3,0.556,3,1,1,144.6,1,1
3.65,0.0,0.0,62.9,53.8,175.0,3,0.093,3,0,1,81.7,2,1
-16.88,0.0,0.0,36.7,14.3,212.9,3,0.421,1,0,2,268.8,0,1
4.65,0.0,0.0,30.0,52.4,198.7,2,0.185,3,2,1,375.0,4,0
7.18,0.0,0.0,42.1,12.6,17.0,2,0.099,2,0,1,393.8,4,1
-18.84,0.0,0.0,64.7,176.6,136.4,3,0.319,3,0,1,505.7,0,1
-1.43,1.46,11.6,64.0,5.5,220.5,2,0.532,3,0,1,340.6,3,1
-20.95,0.57,7.3,74.5,20.6,149.7,3,0.118,2,0,2,330.6,0,1
1.17,0.0,0.0,56.8,5.3,80.3,2,0.461,2,0,3,229.4,3,1
-20.62,0.37,3.2,48.4,66.0,58.8,3,0.14,1,0,1,408.1,0,1
6.03,0.0,0.0,58.8,2.6,169.1,3,0.421,2,0,1,549.7,2,0
1.34,0.0,0.0,65.5,169.8,188.5,2,0.387,1,3,1,245.4,3,1
8.44,4.44,37.1,68.5,0.6,220.3,2,0.293,2,0,2,246.0,3,1
0.66,0.81,43.5,53.2,174.1,218.8,3,0.386,1,2,1,238.8,2,1
5.51,0.0,0.0,78.5,55.3,91.3,2,0.059,3,1,1,175.1,4,1
-0.32,0.79,6.2,55.7,0.1,150.9,2,0.073,3,0,2,361.7,3,0
3.77,0.0,0.0,52.0,7.7,37.8,3,0.099,1,0,1,108.1,1,0
2.85,0.0,0.0,56.9,27.5,36.3,2,0.264,2,0,2,509.1,3,1
-3.31,2.59,38.0,81.1,167.9,31.1,2,0.627,3,2,1,125.8,3,1
5.59,0.0,0.0,63.0,178.9,223.6,3,0.369,2,1,2,145.7,1,1
7.26,3.26,29.4,54.6,0.7,49.3,2,0.502,3,0,2,87.7,3,1
3.87,0.0,0.0,78.9,29.6,123.5,2,0.246,2,0,1,259.7,4,1
5.65,0.0,0.0,97.1,8.9,112.4,2,0.071,1,0,1,466.7,4,0
5.06,1.06,15.2,68.1,12.5,88.1,2,0.28,2,1,1,550.6,3,1
2.09,0.0,0.0,83.5,36.5,136.0,2,0.345,2,0,1,288.9,3,1
3.55,0.0,0.0,80.5,30.8,15.6,3,0.453,1,1,1,179.3,1,1
-3.19,2.51,30.8,55.9,4.7,100.5,2,0.293,3,1,3,449.1,3,1
6.6,0.0,0.0,65.4,133.7,122.9,3,0.201,2,1,2,428.5,1,0
4.72,0.0,0.0,45.8,171.8,195.7,3,0.098,1,0,3,424.9,2,1
2.47,0.0,0.0,61.9,70.7,172.7,3,0.42,2,0,1,293.9,1,1
5.32,0.0,0.0,55.6,11.9,206.2,3,0.198,1,0,1,360.9,1,1
-18.96,0.0,0.0,59.0,72.1,99.7,3,0.206,2,2,1,84.1,0,1
3.68,0.0,0.0,53.8,56.4,46.7,2,0.347,2,0,1,187.5,4,1
-15.98,0.0,0.0,60.7,55.2,105.2,3,0.492,1,0,1,559.8,0,1
-20.85,0.51,3.4,73.0,9.0,231.7,3,0.245,3,0,1,73.0,0,1
7.62,0.0,0.0,63.2,141.9,63.2,2,0.1,3,1,1,215.9,4,0
1.51,0.3,13.9,37.0,22.7,54.3,3,0.198,2,1,1,174.7,2,0
3.34,0.0,0.0,53.8,159.4,227.5,3,0.305,2,1,1,121.6,2,1
7.31,3.31,31.8,42.2,32.5,228.7,2,0.316,3,1,1,558.4,3,1
7.82,0.0,0.0,68.7,81.8,48.6,3,0.186,1,3,2,119.2,1,1
-17.26,0.0,0.0,72.5,32.6,188.1,3,0.126,1,3,2,319.2,0,1
0.15,0.51,4.6,68.8,118.9,111.7,2,0.354,1,0,1,511.7,3,1
-18.82,0.0,0.0,53.2,1.5,125.7,3,0.253,2,0,1,52.1,0,0
5.18,0.0,0.0,68.7,6.3,127.2,3,0.523,1,3,1,109.7,2,0
5.09,0.0,0.0,57.9,160.9,232.9,2,0.067,2,1,1,238.0,4,0
4.77,0.0,0.0,47.9,37.9,56.5,2,0.254,2,4,1,131.1,4,1
4.92,0.0,0.0,76.1,17.4,188.9,3,0.339,1,0,1,150.5,1,1
1.96,0.0,0.0,77.3,60.1,16.3,2,0.273,1,4,3,375.1,3,1
-1.1,1.26,11.5,79.2,33.5,156.4,2,0.389,1,0,1,143.8,3,1
3.71,0.0,0.0,55.9,80.0,161.9,3,0.22,2,1,1,401.4,2,1
-15.21,0.0,0.0,82.7,35.5,184.6,3,0.205,1,0,1,553.5,0,0
1.58,0.25,2.4,57.6,111.4,223.3,3,0.559,1,0,2,176.2,1,0
2.03,0.0,0.0,74.8,13.4,184.6,2,0.345,1,0,1,166.8,3,1
2.95,0.0,0.0,57.3,15.6,179.7,2,0.474,2,0,3,56.3,4,1
-17.22,0.0,0.0,61.6,92.1,72.1,3,0.533,1,0,2,58.1,0,1
1.53,0.0,0.0,30.0,4.0,238.4,2,0.306,2,4,2,268.1,3,1
8.69,0.0,0.0,60.5,60.0,120.4,2,0.394,3,4,1,319.0,4,1
6.27,0.0,0.0,66.4,43.3,108.9,2,0.258,2,3,1,150.5,4,1
1.72,0.17,7.5,58.8,18.0,127.9,3,0.576,1,5,2,227.6,2,1
-15.82,0.0,0.0,91.3,40.3,103.7,3,0.05,2,2,3,127.2,0,1
3.06,0.0,0.0,47.6,14.7,148.6,3,0.136,1,3,2,424.7,1,1
3.56,0.0,0.0,56.5,167.9,93.7,2,0.422,3,0,3,266.1,4,1
5.78,0.0,0.0,51.4,11.1,69.0,2,0.468,3,0,1,453.9,4,0
1.27,0.0,0.0,56.5,37.8,223.8,2,0.407,2,2,1,352.7,3,0
-15.27,0.0,0.0,80.5,34.3,223.8,3,0.324,1,0,1,257.5,0,1
-19.44,0.0,0.0,87.2,11.3,126.7,3,0.33,2,1,1,394.5,0,1
3.45,0.0,0.0,54.5,2.9,231.5,3,0.434,2,1,1,53.9,2,0
3.36,0.0,0.0,54.2,163.5,108.5,3,0.349,1,0,1,429.7,2,1
-18.91,0.0,0.0,47.6,32.9,102.2,3,0.49,3,0,1,254.1,0,0
5.25,1.25,12.5,84.6,11.2,221.3,2,0.448,1,1,1,332.5,3,1
6.57,0.0,0.0,81.8,105.7,157.4,3,0.431,3,1,1,337.9,2,1
-13.23,1.77,38.2,63.4,41.5,186.6,3,0.486,3,0,1,357.1,0,1
-11.83,3.17,18.8,44.1,11.8,107.9,3,0.263,1,1,1,436.3,0,1
2.42,0.0,0.0,45.4,39.9,106.6,3,0.323,1,0,1,110.9,2,1
2.68,0.0,0.0,67.6,41.2,33.7,2,0.347,1,0,2,318.9,3,1
2.06,0.0,0.0,73.2,9.5,232.5,2,0.468,3,1,1,95.7,4,1
3.06,0.0,0.0,34.0,97.7,66.3,3,0.07,1,0,1,178.8,2,0
3.42,0.0,0.0,60.2,9.6,126.2,3,0.362,1,4,1,154.1,1,1
2.36,0.0,0.0,89.3,13.4,40.8,2,0.55,2,0,1,379.3,4,1
2.37,0.0,0.0,61.7,15.0,160.6,3,0.47,1,4,1,383.4,2,0
4.64,0.0,0.0,87.3,148.0,102.9,3,0.438,1,2,2,507.0,1,1
1.96,0.03,0.0,74.7,78.3,187.7,3,0.377,3,3,1,337.0,2,1
-15.39,0.0,0.0,48.7,108.6,133.9,3,0.432,2,2,2,459.6,0,1
2.71,0.0,0.0,60.6,6.8,44.1,3,0.149,2,1,1,539.0,1,0
12.02,4.02,13.2,63.1,90.1,17.4,3,0.611,1,1,1,123.4,2,1
3.87,0.0,0.0,50.7,24.3,62.8,2,0.05,2,1,2,446.5,4,0
2.68,0.0,0.0,50.5,17.6,178.0,2,0.528,2,0,2,230.4,3,1
-0.74,1.04,18.0,87.6,9.5,201.4,2,0.05,2,0,1,202.9,3,1
9.27,1.27,13.9,50.3,61.4,91.8,3,0.593,3,0,1,579.6,2,1
-14.7,0.3,6.9,81.2,6.5,135.6,3,0.412,1,1,1,163.6,0,0
5.74,0.0,0.0,58.5,57.7,69.0,3,0.316,2,0,1,553.0,1,1
1.63,0.0,0.0,64.6,35.1,213.1,2,0.364,3,1,1,503.0,4,0
-16.97,0.0,0.0,73.4,12.8,232.2,3,0.326,1,0,1,533.2,0,1
2.2,0.0,0.0,56.0,81.3,184.4,2,0.05,3,0,1,372.3,4,1
6.16,2.16,36.2,73.5,128.2,35.0,2,0.28,2,1,3,371.6,3,1
7.02,0.0,0.0,34.3,52.5,113.4,3,0.426,1,3,1,271.4,1,1
2.74,0.0,0.0,71.6,58.8,237.9,2,0.692,1,0,2,270.5,3,1
-1.09,0.65,3.6,30.0,43.3,66.6,2,0.31,1,3,1,517.9,4,1
-19.96,0.0,0.0,61.6,146.3,165.9,3,0.248,3,0,1,263.3,0,1
-15.78,0.0,0.0,77.8,1.9,226.2,3,0.05,3,0,1,317.7,0,0
5.53,1.53,14.9,74.3,48.8,189.0,2,0.21,2,0,1,598.0,3,1
7.77,0.0,0.0,45.5,22.1,152.0,2,0.311,1,0,1,244.9,4,0
-21.48,0.89,5.7,47.5,56.8,129.0,3,0.439,2,0,1,502.4,0,1
3.25,0.0,0.0,54.7,24.2,224.0,2,0.151,2,0,1,202.5,3,1
-14.96,0.04,0.0,67.8,11.3,103.8,3,0.54,1,1,2,63.8,0,1
-1.65,1.59,12.0,34.5,177.0,217.8,2,0.38,1,1,1,376.4,3,1
2.48,0.0,0.0,64.8,3.8,112.0,2,0.287,1,0,1,313.6,3,1
-16.82,0.0,0.0,69.7,1.6,185.2,3,0.614,1,3,1,482.7,0,1
1.75,0.0,0.0,60.8,34.0,221.0,2,0.309,2,1,1,52.3,3,1
0.37,0.0,0.0,72.9,46.3,138.9,2,0.538,1,0,1,88.8,4,0
4.19,0.0,0.0,68.4,7.8,84.7,2,0.402,1,0,1,522.8,4,0
-18.32,0.0,0.0,56.9,51.0,26.5,3,0.348,1,0,2,314.5,0,1
4.63,0.0,0.0,36.0,95.7,197.1,3,0.28,2,2,3,328.5,1,1
3.59,0.0,0.0,67.0,3.4,155.0,3,0.094,2,0,1,173.8,1,0
3.89,0.0,0.0,50.7,144.1,74.2,3,0.079,1,0,1,559.3,2,1
-17.6,0.0,0.0,56.3,34.4,212.4,3,0.304,3,0,3,552.9,0,1
6.11,0.0,0.0,72.2,22.7,222.1,2,0.351,2,0,1,334.2,4,0
1.74,0.0,0.0,86.3,3.6,214.6,2,0.185,1,0,1,169.8,3,0
3.98,0.0,0.0,64.4,116.2,150.3,2,0.445,1,1,1,590.5,4,1
-17.27,0.0,0.0,73.3,165.3,234.7,3,0.085,3,4,1,540.9,0,1
-22.3,1.38,14.4,43.3,3.8,211.8,3,0.267,2,0,1,336.8,0,1
6.19,0.0,0.0,68.7,13.3,38.5,2,0.433,1,0,2,394.5,4,1
5.0,0.0,0.0,64.1,7.8,235.7,3,0.378,2,0,1,291.8,1,0
2.6,0.0,0.0,83.4,3.5,138.5,2,0.207,1,0,1,163.3,3,0
7.4,0.0,0.0,56.9,145.0,222.0,2,0.36,3,1,1,424.8,4,1
-22.38,1.43,9.4,61.4,46.6,186.1,3,0.143,3,4,1,418.0,0,1
-22.43,1.46,25.6,80.9,59.0,160.7,3,0.479,3,1,2,351.0,0,0
-16.82,0.0,0.0,63.6,78.5,88.5,3,0.418,2,0,2,497.9,0,1
-17.52,0.0,0.0,48.4,146.8,21.1,3,0.281,2,3,2,298.5,0,1
-17.07,0.0,0.0,98.0,129.5,77.3,3,0.153,1,2,1,523.5,0,1
3.84,0.0,0.0,48.8,52.7,169.3,2,0.274,3,0,2,169.4,4,1
4.16,0.16,3.8,64.0,25.0,209.2,2,0.57,1,3,1,579.0,3,1
7.33,0.0,0.0,70.2,13.8,15.5,2,0.15,1,1,1,162.8,4,0
6.21,0.0,0.0,69.0,15.0,61.8,2,0.293,3,2,1,138.1,4,1
4.35,0.0,0.0,62.2,40.1,166.4,2,0.05,3,0,1,381.9,4,1
-0.27,1.36,15.3,62.2,5.4,78.8,3,0.542,2,0,1,101.2,1,1
6.92,0.0,0.0,61.5,32.2,46.9,3,0.475,2,2,2,142.4,1,1
8.05,0.0,0.0,48.3,26.0,33.4,2,0.286,1,0,2,451.0,4,0
6.61,0.0,0.0,97.3,27.4,158.5,3,0.458,2,4,1,219.5,1,1
-19.7,0.0,0.0,61.7,6.1,148.8,3,0.506,1,0,1,490.1,0,1
4.18,0.18,5.7,74.0,26.2,208.2,2,0.224,1,0,1,135.6,3,0
7.15,0.0,0.0,60.0,36.0,85.8,2,0.35,2,1,1,261.9,4,1
8.9,0.0,0.0,59.7,139.3,45.8,2,0.237,3,1,1,262.5,4,1
2.81,0.0,0.0,58.2,103.9,194.8,2,0.512,3,0,1,314.2,4,1
-18.07,0.0,0.0,41.8,1.1,237.3,3,0.139,3,1,1,275.7,0,0
4.37,0.37,1.7,62.6,14.9,96.1,2,0.623,3,1,1,262.7,3,1
5.14,0.0,0.0,58.9,16.8,209.7,2,0.196,1,1,3,230.6,4,1
-0.29,0.78,12.5,82.6,3.8,186.6,2,0.135,1,0,2,58.3,3,1
6.04,0.0,0.0,47.0,54.3,220.1,2,0.568,2,1,1,389.1,4,1
6.45,0.0,0.0,56.3,89.4,110.5,2,0.448,1,1,1,310.4,4,1
5.22,0.0,0.0,51.5,11.5,37.8,3,0.407,2,2,1,255.3,2,1
-16.95,0.0,0.0,86.6,43.5,41.6,3,0.367,1,1,1,166.3,0,1
4.35,0.0,0.0,52.0,102.3,186.7,3,0.692,3,0,2,540.3,2,1
8.7,0.7,13.1,73.4,35.2,209.2,3,0.333,1,0,1,180.8,1,1
-19.75,0.0,0.0,79.6,13.4,117.8,3,0.05,1,0,1,556.5,0,0
-18.97,0.0,0.0,62.8,0.9,28.4,3,0.531,3,0,1,169.5,0,1
2.53,0.0,0.0,44.3,123.2,30.0,2,0.331,2,1,2,584.3,3,1
7.2,0.0,0.0,44.5,0.8,149.7,3,0.198,1,2,2,280.9,2,1
1.26,0.45,3.6,77.9,32.0,221.7,3,0.762,2,4,1,343.0,2,1
-0.78,1.07,25.3,46.1,142.8,104.9,2,0.216,2,1,3,214.3,3,1
-0.09,1.26,6.5,70.9,8.8,161.4,3,0.074,1,1,1,566.5,2,1
2.58,0.0,0.0,66.7,179.5,137.0,2,0.298,2,1,1,205.4,3,1
-20.3,0.18,1.2,70.7,4.2,215.2,3,0.05,3,0,2,451.6,0,1
4.04,0.0,0.0,72.1,6.7,202.3,2,0.423,1,1,1,61.3,4,0
6.65,0.0,0.0,51.0,47.0,59.9,3,0.331,2,0,1,357.3,2,0
-19.1,0.0,0.0,50.4,137.3,167.4,3,0.347,1,0,1,457.9,0,0
5.58,0.0,0.0,75.7,9.8,205.7,2,0.51,2,3,1,309.0,4,1
1.75,0.0,0.0,55.6,9.2,224.3,2,0.116,3,1,1,403.8,3,1
-15.82,0.0,0.0,30.0,156.2,147.7,3,0.05,1,0,1,472.4,0,1
-16.31,0.0,0.0,74.7,7.2,54.6,3,0.453,3,1,1,325.1,0,1
-19.23,0.0,0.0,49.5,135.1,140.6,3,0.376,3,4,1,170.0,0,1
4.58,0.0,0.0,72.0,48.9,164.8,3,0.055,1,0,1,268.2,1,1
-14.89,0.11,6.3,85.9,32.6,76.3,3,0.717,3,4,2,451.9,0,1
3.48,0.0,0.0,65.3,159.7,233.9,2,0.239,3,5,3,199.1,3,1
1.51,0.3,11.4,79.9,73.2,66.6,3,0.33,3,1,1,397.6,2,1
6.64,0.0,0.0,67.3,2.3,220.1,2,0.153,2,0,1,131.6,4,0
-0.21,0.73,5.7,88.8,91.3,110.7,2,0.573,1,0,1,561.7,3,1
6.03,2.03,12.5,49.1,162.6,15.1,2,0.533,1,0,1,381.6,3,1
7.56,0.0,0.0,64.9,88.0,137.2,3,0.117,1,0,1,307.5,2,1
-16.78,0.0,0.0,75.1,28.7,156.4,3,0.283,2,2,1,496.3,0,0
-17.11,0.0,0.0,62.1,53.0,210.6,3,0.345,1,4,1,488.4,0,1
1.98,0.0,0.0,82.3,29.0,136.6,2,0.213,2,0,3,103.5,3,1
-15.8,0.0,0.0,58.5,1.0,36.2,3,0.469,3,0,1,218.9,0,1
-18.43,0.0,0.0,96.0,52.3,223.5,3,0.462,1,1,1,302.2,0,0
5.59,0.0,0.0,96.8,47.5,142.2,3,0.112,3,0,2,237.3,1,1
7.18,0.0,0.0,69.2,53.8,76.1,2,0.569,1,1,2,224.5,4,0
3.6,0.0,0.0,73.3,51.7,217.2,3,0.401,1,3,1,243.7,2,1
0.96,0.02,0.0,82.9,27.4,42.2,2,0.184,3,0,1,128.1,3,0
2.01,0.0,0.0,47.2,59.7,36.9,3,0.418,1,0,1,115.7,2,1
-20.16,0.1,0.0,45.3,57.2,135.4,3,0.311,1,1,1,193.2,0,1
0.43,0.94,10.5,83.8,168.1,155.6,3,0.407,3,0,2,88.5,1,1
-15.68,0.0,0.0,69.1,152.7,130.0,3,0.69,3,4,1,330.6,0,1
7.02,3.02,24.9,61.6,7.6,224.0,2,0.478,3,3,1,134.2,3,1
-13.94,1.06,8.6,65.2,2.1,74.1,3,0.173,1,0,1,87.2,0,1
0.93,0.64,14.2,30.0,57.8,237.8,3,0.455,1,1,1,510.4,1,1
6.81,0.0,0.0,62.1,52.4,19.4,2,0.284,1,2,2,373.1,4,1
8.56,0.56,30.8,53.7,110.8,41.7,3,0.513,1,0,1,544.1,2,1
3.86,0.0,0.0,78.8,8.4,56.8,3,0.16,3,0,2,590.9,2,1
5.25,0.0,0.0,79.9,5.4,32.9,3,0.248,1,4,2,376.4,2,1
-2.52,2.11,23.2,73.7,31.9,113.6,2,0.2,2,0,1,487.8,3,1
5.67,0.0,0.0,70.9,152.0,209.7,3,0.194,1,1,1,137.7,1,1
-0.16,0.7,5.2,42.5,110.8,199.7,2,0.42,2,0,1,434.1,3,0
5.5,0.0,0.0,73.9,120.9,182.6,2,0.521,1,0,1,352.3,4,1
1.1,0.54,9.4,74.4,24.3,16.7,3,0.428,1,2,1,422.0,2,1
6.36,0.0,0.0,83.7,131.4,209.8,3,0.234,1,1,1,107.6,2,1
-14.94,0.06,0.0,96.8,11.9,104.2,3,0.337,3,1,1,564.7,0,1
3.04,0.0,0.0,39.6,34.7,179.6,3,0.293,2,0,3,279.6,1,1
2.16,0.0,0.0,59.2,173.8,178.6,2,0.233,2,2,1,476.7,4,1
-0.39,1.43,15.7,53.9,58.2,54.9,3,0.323,1,0,2,594.8,2,1
4.33,0.0,0.0,67.6,159.6,131.0,3,0.458,2,1,3,530.3,1,1
3.55,0.0,0.0,65.2,1.3,223.4,3,0.319,2,0,2,221.4,2,0
1.12,0.53,12.7,61.5,9.7,74.2,3,0.184,2,1,1,271.1,2,1
6.13,0.0,0.0,80.4,47.4,175.9,3,0.274,2,1,1,406.8,2,1
1.38,0.0,0.0,48.5,111.5,230.6,2,0.225,3,0,2,345.9,3,1
2.31,0.0,0.0,49.4,37.3,96.1,3,0.325,3,1,2,275.7,1,1
1.11,0.0,0.0,49.6,98.4,102.2,2,0.283,3,0,2,409.4,3,1
7.68,0.0,0.0,59.6,8.3,116.8,3,0.202,2,1,1,550.2,2,1
6.51,0.0,0.0,46.6,118.2,197.0,2,0.245,1,1,2,220.2,4,1
-17.83,0.0,0.0,64.3,27.2,113.8,3,0.084,1,3,1,120.6,0,1
-15.95,0.0,0.0,62.5,14.9,124.4,3,0.316,1,0,1,421.7,0,1
2.1,0.0,0.0,53.2,72.2,65.0,3,0.296,1,0,1,374.3,2,1
5.08,0.0,0.0,78.1,67.5,237.4,3,0.669,1,0,1,548.1,2,1
2.87,0.0,0.0,64.1,37.5,215.8,2,0.402,2,0,1,458.5,3,1
3.83,0.0,0.0,80.9,13.2,150.1,3,0.292,2,1,2,268.4,2,1
6.09,0.0,0.0,62.1,4.9,231.1,2,0.05,2,0,1,398.3,4,0
3.05,0.0,0.0,64.6,163.4,169.6,3,0.115,3,0,2,524.3,2,1
-16.23,0.0,0.0,56.6,46.8,230.8,3,0.512,1,0,1,241.1,0,1
-16.12,0.0,0.0,64.9,124.3,51.3,3,0.277,1,1,1,57.6,0,1
-2.29,1.38,9.9,75.7,15.4,65.7,2,0.265,2,1,1,394.5,4,1
-14.52,0.48,4.8,58.8,60.7,214.2,3,0.477,2,0,1,64.3,0,1
-2.62,1.57,9.0,72.8,1.1,109.5,2,0.403,2,4,1,565.6,4,1
3.46,0.0,0.0,52.8,23.5,98.5,3,0.261,3,0,1,142.5,1,1
-14.94,0.06,0.0,76.4,37.3,184.7,3,0.257,1,1,1,255.8,0,1
4.21,0.0,0.0,56.3,3.6,156.8,3,0.292,2,0,1,570.5,1,1
-1.17,1.3,17.5,77.8,4.4,92.4,2,0.199,3,2,1,94.0,3,0
2.27,0.0,0.0,65.9,44.5,104.5,3,0.222,2,0,1,52.4,2,1
5.07,1.07,10.3,87.8,173.9,106.9,2,0.176,2,4,1,107.0,3,1
-2.3,1.98,23.4,47.7,32.1,43.4,2,0.327,1,1,1,592.3,3,1
7.82,0.0,0.0,42.9,5.8,66.6,3,0.34,1,1,1,584.5,2,0
2.36,0.0,0.0,55.8,69.7,135.9,2,0.05,1,1,2,261.5,3,0
2.02,0.0,0.0,44.2,13.0,190.9,2,0.688,2,0,1,458.6,4,0
3.54,0.0,0.0,44.3,9.1,109.3,3,0.303,2,0,1,454.8,2,1
-20.04,0.03,0.0,74.3,143.3,101.3,3,0.347,3,3,2,104.9,0,1
7.17,0.0,0.0,64.9,116.9,161.4,3,0.138,2,2,1,179.3,2,1
6.83,0.0,0.0,57.8,96.9,50.4,2,0.57,1,0,2,538.9,4,0
0.7,0.78,19.6,59.2,103.9,100.7,3,0.372,3,0,2,141.1,1,1
3.99,0.0,0.0,56.0,53.8,61.8,2,0.421,1,0,2,336.5,4,1
2.84,0.0,0.0,89.8,9.7,161.6,3,0.254,2,2,2,184.3,2,0
5.73,1.73,42.0,54.0,49.6,40.3,2,0.495,1,1,1,356.7,3,1
1.62,0.23,3.0,45.2,143.5,115.8,3,0.21,3,1,1,158.1,1,1
9.01,0.0,0.0,76.9,164.3,149.1,2,0.815,3,0,1,168.7,4,1
-17.58,0.0,0.0,61.8,46.4,202.6,3,0.081,1,3,1,75.7,0,1
2.1,0.0,0.0,95.6,58.6,178.0,3,0.206,2,0,1,594.6,1,1
3.31,0.0,0.0,57.1,6.4,227.1,3,0.079,2,0,1,112.2,2,0
3.0,0.0,0.0,77.7,37.3,168.0,3,0.448,1,4,3,278.6,2,1
1.81,0.11,3.4,81.2,171.2,93.6,3,0.339,1,1,1,279.7,2,1
-17.26,0.0,0.0,57.2,9.5,67.1,3,0.316,2,1,1,217.0,0,0
1.93,0.04,0.0,53.9,17.8,27.7,3,0.435,1,2,1,486.7,1,0
-22.95,1.77,20.0,76.1,84.5,77.5,3,0.372,1,0,1,235.7,0,1
4.05,0.0,0.0,73.6,16.1,45.8,3,0.354,3,0,1,394.0,2,1
0.49,0.9,13.6,43.8,45.8,98.1,3,0.517,2,0,1,348.7,1,1
3.12,0.0,0.0,48.1,27.3,173.1,3,0.092,1,0,3,525.2,2,1
2.73,0.0,0.0,30.0,5.9,170.7,3,0.501,3,1,1,500.7,2,1
0.32,0.41,2.8,73.9,10.7,86.6,2,0.314,3,1,1,169.9,3,1
10.0,2.0,11.3,61.1,3.0,129.4,3,0.648,3,0,1,462.6,2,1
2.64,0.0,0.0,62.6,14.2,63.8,2,0.572,2,2,1,485.9,3,0
5.61,0.0,0.0,39.6,15.0,128.2,3,0.35,1,0,1,555.6,2,0
-1.94,1.76,8.3,48.5,57.3,129.8,2,0.125,1,0,1,579.8,3,1
0.87,0.08,0.0,57.8,4.5,82.8,2,0.116,3,0,1,455.3,3,1
5.54,0.0,0.0,54.9,96.1,73.4,3,0.112,3,2,1,297.5,1,1
2.44,0.0,0.0,66.8,1.2,235.4,3,0.549,2,0,2,211.1,1,0
4.77,0.77,21.3,73.8,28.1,135.9,2,0.464,2,4,2,525.6,3,1
1.99,0.0,0.0,98.0,63.2,141.5,3,0.197,1,2,1,553.6,1,1
4.28,0.0,0.0,64.7,2.6,16.8,3,0.261,2,2,1,103.7,2,1
-18.97,0.0,0.0,81.7,53.1,55.9,3,0.208,1,2,2,354.9,0,1
5.41,0.0,0.0,52.6,83.9,95.2,3,0.286,2,1,1,121.1,2,1
3.4,0.0,0.0,39.9,47.5,232.3,3,0.56,2,3,1,188.4,2,1
1.82,0.0,0.0,59.7,7.8,54.4,2,0.241,3,1,1,260.8,3,1
4.41,0.0,0.0,41.0,164.5,83.2,3,0.251,2,0,1,221.1,2,1
3.16,0.0,0.0,65.2,58.9,237.8,3,0.061,2,0,3,443.8,1,1
6.21,0.0,0.0,53.3,26.3,123.2,2,0.598,1,2,1,93.4,4,0
5.6,0.0,0.0,35.7,11.5,86.6,3,0.362,1,0,1,387.6,2,1
4.78,0.0,0.0,91.0,5.8,157.7,2,0.334,1,2,1,369.8,4,1
1.42,0.0,0.0,56.9,103.9,126.7,2,0.551,1,5,1,483.0,3,1
6.99,0.0,0.0,40.4,44.0,230.4,3,0.459,1,0,2,103.2,2,1
4.41,0.0,0.0,78.5,2.3,33.7,2,0.167,1,0,1,232.9,4,0
-18.27,0.0,0.0,54.1,40.6,192.9,3,0.211,2,0,2,433.4,0,1
5.26,0.0,0.0,81.4,86.1,77.8,2,0.27,2,0,1,441.4,4,1
9.24,0.0,0.0,54.0,6.1,196.5,2,0.085,2,1,2,297.3,4,0
1.65,0.21,1.1,56.9,11.6,205.7,3,0.35,3,0,2,304.0,2,1
4.42,0.42,4.6,70.2,44.2,206.1,2,0.591,1,0,1,580.7,3,1
0.27,1.04,7.0,73.9,51.1,210.0,3,0.095,1,1,2,229.4,2,1
5.54,0.0,0.0,76.5,27.3,176.6,3,0.51,1,0,1,132.6,1,1
6.44,2.44,19.4,63.7,74.0,47.0,2,0.349,1,0,1,574.1,3,1
6.22,0.0,0.0,72.9,12.3,26.7,3,0.347,2,0,1,495.3,1,0
5.43,0.0,0.0,76.2,17.3,91.7,3,0.3,3,2,1,180.4,1,0
3.6,0.0,0.0,68.0,33.2,126.4,3,0.54,1,0,3,521.5,2,1
5.08,0.0,0.0,62.9,50.1,83.1,2,0.223,2,0,2,188.8,4,1
4.37,0.0,0.0,43.3,48.5,182.0,3,0.304,1,0,1,505.1,1,0
3.04,0.0,0.0,74.0,166.5,177.5,3,0.429,1,1,3,395.7,2,1
-18.22,0.0,0.0,65.6,48.3,233.7,3,0.131,3,2,1,315.4,0,1
-17.0,0.0,0.0,58.8,175.2,105.1,3,0.389,2,0,1,560.4,0,1
-19.42,0.0,0.0,84.2,0.3,191.8,3,0.711,2,1,2,495.2,0,1
-19.52,0.0,0.0,43.6,43.1,181.8,3,0.192,3,1,1,121.5,0,1
1.6,0.0,0.0,89.7,53.1,237.5,2,0.45,2,3,2,438.1,4,1
5.98,0.0,0.0,64.7,46.6,189.1,2,0.274,1,1,1,484.2,4,1
6.36,0.0,0.0,69.8,1.1,78.8,2,0.112,2,1,1,347.6,4,1
-16.92,0.0,0.0,59.1,68.8,18.4,3,0.544,2,0,1,201.8,0,1
-15.09,0.0,0.0,40.0,132.7,232.8,3,0.268,2,0,1,179.0,0,1
5.22,0.0,0.0,62.9,156.6,176.1,3,0.117,2,3,1,585.8,1,1
5.98,0.0,0.0,70.0,91.1,197.8,3,0.53,2,0,1,290.2,2,1
5.76,0.0,0.0,75.1,9.2,193.5,3,0.693,1,0,1,335.4,1,1
4.77,0.0,0.0,62.0,52.7,180.5,3,0.627,2,1,2,379.0,2,1
-18.83,0.0,0.0,32.1,26.9,184.1,3,0.289,1,3,1,105.3,0,0
8.04,4.04,30.7,41.9,108.9,224.1,2,0.341,1,0,1,94.7,3,1
3.87,0.0,0.0,95.8,8.3,220.7,3,0.501,2,3,1,159.0,1,1
-19.16,0.0,0.0,48.6,14.3,100.3,3,0.403,2,0,1,85.9,0,0
3.59,0.0,0.0,86.4,37.0,22.0,2,0.431,3,2,1,544.2,3,0
5.63,0.0,0.0,51.0,6.6,23.7,2,0.148,2,3,1,131.4,4,0
-21.01,0.61,7.9,62.3,141.9,115.5,3,0.227,2,2,1,174.6,0,1
7.81,0.0,0.0,74.4,5.0,202.9,3,0.273,1,3,3,345.5,2,1
4.76,0.0,0.0,52.7,18.6,205.7,2,0.072,2,4,1,542.9,4,0
-0.28,0.77,12.7,88.9,170.7,106.0,2,0.343,1,3,1,77.0,3,1
7.97,0.0,0.0,66.1,52.7,82.9,2,0.287,2,1,2,168.8,4,1
6.56,0.0,0.0,71.9,14.0,129.0,3,0.575,2,0,1,444.5,2,0
1.84,0.1,0.0,61.0,9.5,202.3,3,0.718,1,0,1,335.5,1,1
6.94,2.94,15.5,74.9,9.4,158.2,2,0.19,3,0,1,377.0,3,1
-15.85,0.0,0.0,88.7,5.9,46.5,3,0.43,2,1,1,59.3,0,0
4.97,0.0,0.0,63.0,29.7,96.5,3,0.158,2,0,2,526.7,1,1
6.48,2.48,43.8,90.9,34.7,140.0,2,0.266,2,4,1,368.3,3,1
2.9,0.0,0.0,55.8,2.2,136.1,2,0.285,2,0,2,508.9,3,1
-17.57,0.0,0.0,76.5,1.7,201.9,3,0.203,2,0,1,580.1,0,0
3.35,0.0,0.0,72.3,93.1,224.7,3,0.289,1,0,2,452.7,2,1
6.45,0.0,0.0,49.0,2.0,37.6,3,0.18,3,0,1,67.1,1,1
6.19,0.0,0.0,68.2,47.4,65.5,3,0.224,2,0,2,441.3,2,1
5.04,0.0,0.0,65.1,55.3,103.2,2,0.677,2,1,1,359.9,4,1
-19.47,0.0,0.0,52.2,3.7,81.7,3,0.334,2,0,1,106.9,0,1
5.32,0.0,0.0,70.4,129.1,106.9,2,0.414,1,2,1,198.7,4,0
4.83,0.0,0.0,67.2,2.2,24.2,3,0.132,3,0,3,142.9,2,1
-0.83,1.1,34.4,63.9,29.1,29.9,2,0.303,2,1,1,558.7,3,1
1.32,0.41,9.9,64.0,57.1,203.6,3,0.141,3,1,1,487.4,2,1
6.41,0.0,0.0,63.6,95.6,38.1,3,0.601,1,0,3,435.5,1,1
-4.0,3.0,20.1,59.5,39.2,200.4,2,0.517,3,0,2,469.8,3,1
3.01,0.0,0.0,67.1,126.9,84.0,2,0.145,3,2,1,380.7,3,0
-18.7,0.0,0.0,55.3,54.3,84.6,3,0.273,3,1,1,520.4,0,1
5.77,1.77,18.2,98.0,47.7,37.7,2,0.292,3,0,1,175.7,3,1
1.27,0.0,0.0,43.9,128.2,18.0,2,0.136,2,1,3,187.8,3,1
6.65,0.0,0.0,56.2,20.1,94.9,3,0.297,2,0,1,375.5,1,0
4.01,0.0,0.0,57.4,49.1,203.0,2,0.574,1,0,2,495.6,4,1
2.78,0.0,0.0,95.6,4.9,222.0,2,0.316,2,0,1,509.7,3,1
6.84,0.0,0.0,45.2,5.0,28.9,3,0.498,2,2,3,586.9,1,1
-18.66,0.0,0.0,71.4,25.0,22.0,3,0.371,1,0,1,469.3,0,0
4.99,0.99,10.2,68.7,11.9,50.7,2,0.336,2,1,1,178.0,3,0
2.52,0.0,0.0,70.0,38.4,187.4,3,0.091,1,0,2,176.9,1,0
3.24,0.0,0.0,83.5,10.1,61.1,2,0.15,2,0,3,295.1,3,1
7.31,0.0,0.0,83.2,27.1,66.9,3,0.258,2,0,2,407.6,2,1
6.65,0.0,0.0,58.2,144.8,215.0,3,0.229,3,0,1,332.1,2,1
-12.71,2.29,34.1,67.9,29.4,211.9,3,0.665,1,2,1,87.1,0,1
0.59,0.25,31.6,37.0,54.5,165.8,2,0.414,1,2,2,315.0,3,1
-20.95,0.57,9.2,66.5,5.1,51.9,3,0.17,2,0,1,499.4,0,1
2.51,0.0,0.0,53.1,14.8,100.8,3,0.549,2,0,1,182.2,2,1
6.65,0.0,0.0,62.2,15.6,68.1,2,0.468,1,0,1,399.3,4,1
6.24,0.0,0.0,39.7,88.7,166.2,2,0.091,2,2,1,198.3,4,1
5.26,0.0,0.0,71.1,122.3,190.5,2,0.31,3,1,1,355.6,4,1
2.19,0.0,0.0,39.6,53.3,47.0,2,0.631,2,2,1,435.5,4,1
6.92,0.0,0.0,67.2,158.8,217.0,3,0.129,1,0,3,164.0,2,1
1.94,0.04,0.0,46.6,112.0,119.1,3,0.29,1,1,1,456.8,1,1
7.9,0.0,0.0,52.3,112.3,193.9,2,0.634,2,1,1,422.1,4,1
12.14,2.14,26.2,82.3,178.1,26.6,2,0.417,2,1,1,222.0,4,1
5.92,0.0,0.0,73.8,7.6,96.1,2,0.238,3,0,1,542.2,4,0
3.96,0.0,0.0,82.2,13.1,18.3,2,0.203,1,0,2,479.3,3,0
-18.73,0.0,0.0,88.4,31.2,176.7,3,0.657,2,0,2,336.6,0,1
0.47,0.92,7.3,53.4,56.4,32.9,3,0.079,3,4,1,95.5,2,1
3.49,0.0,0.0,87.5,162.4,91.1,3,0.512,1,0,3,292.3,2,1
2.27,0.0,0.0,43.0,50.8,190.9,2,0.301,3,1,1,231.4,4,1
1.38,0.37,5.4,76.2,1.1,183.5,3,0.432,2,4,2,194.3,1,1
9.31,1.31,22.1,57.6,178.1,159.1,3,0.384,2,1,2,404.0,1,1
-16.82,0.0,0.0,51.0,13.5,171.2,3,0.272,2,0,2,557.0,0,1
5.95,0.0,0.0,74.2,160.8,161.5,2,0.274,3,0,1,130.6,4,0
1.73,0.0,0.0,79.2,3.7,159.3,2,0.546,3,2,1,457.9,3,0
-17.93,0.0,0.0,78.7,43.6,93.7,3,0.588,1,3,1,391.9,0,1
7.41,0.0,0.0,68.2,15.4,21.3,3,0.094,2,5,1,416.9,2,1
4.92,0.0,0.0,67.0,10.1,114.4,3,0.516,1,0,1,514.9,2,0
6.33,0.0,0.0,72.9,3.3,25.2,3,0.347,1,3,1,256.5,2,1
4.51,0.0,0.0,69.6,7.7,120.5,2,0.417,2,0,1,368.8,4,1
-18.36,0.0,0.0,73.1,25.7,119.4,3,0.353,2,1,1,202.3,0,1
1.48,0.31,6.4,68.1,29.8,55.2,3,0.258,1,0,1,206.3,1,1
-22.44,1.47,7.8,77.6,100.4,191.5,3,0.277,1,0,2,332.3,0,1
4.35,0.0,0.0,40.6,7.8,173.4,3,0.059,1,1,1,54.0,1,1
5.14,0.0,0.0,63.0,33.5,140.9,2,0.559,1,0,1,186.5,4,0
1.78,0.0,0.0,44.2,7.9,223.3,2,0.187,1,4,2,133.4,4,1
-17.59,0.0,0.0,69.2,157.8,79.6,3,0.453,1,0,1,115.9,0,0
2.63,0.0,0.0,89.6,80.8,74.0,2,0.228,3,3,1,261.5,3,1
-0.39,1.43,8.6,57.9,144.2,56.3,3,0.08,1,0,2,107.4,1,1
-19.79,0.0,0.0,66.9,115.2,137.5,3,0.536,3,0,1,134.9,0,1
6.02,0.0,0.0,76.3,15.7,61.2,3,0.442,1,0,1,417.8,1,0
-16.53,0.0,0.0,34.0,55.9,210.5,3,0.218,2,2,2,408.2,0,1
2.12,0.0,0.0,57.2,57.8,83.5,3,0.339,1,2,2,569.8,2,1
5.4,0.0,0.0,70.5,134.4,125.5,2,0.672,1,0,1,556.2,4,1
7.56,0.0,0.0,30.0,35.6,134.1,3,0.114,2,0,1,530.7,2,0
4.44,0.44,5.3,50.3,33.6,84.2,2,0.426,1,0,2,430.0,3,0
4.76,0.0,0.0,81.5,156.8,181.1,3,0.131,1,1,1,196.6,2,1
-18.67,0.0,0.0,80.0,69.6,170.7,3,0.05,2,1,1,148.0,0,1
-19.07,0.0,0.0,70.6,166.6,186.2,3,0.183,3,2,1,572.2,0,1
6.17,0.0,0.0,78.2,6.9,151.3,3,0.162,1,0,1,577.8,1,1
5.49,0.0,0.0,68.2,3.0,118.5,3,0.547,1,0,1,327.4,1,0
6.57,0.0,0.0,73.3,46.2,116.0,2,0.221,1,0,2,351.6,4,1
5.33,0.0,0.0,60.3,42.9,176.2,2,0.233,2,3,1,53.0,4,1
7.05,0.0,0.0,66.7,52.5,99.8,2,0.297,3,1,3,131.7,4,0
2.74,0.0,0.0,55.5,2.5,113.4,2,0.442,1,0,2,350.3,3,0
6.96,0.0,0.0,84.0,158.1,51.8,3,0.498,1,2,2,150.0,2,1
4.68,0.68,9.9,87.8,2.1,167.9,2,0.107,2,1,2,313.3,3,0
2.99,0.0,0.0,85.7,56.1,32.3,3,0.468,3,0,1,487.2,2,1
-2.02,1.81,5.9,58.9,179.1,237.9,2,0.483,1,0,1,490.4,3,1
6.36,2.36,45.5,50.7,54.7,47.3,2,0.501,3,2,1,523.9,3,1
3.14,0.0,0.0,84.2,59.8,101.2,2,0.438,2,1,1,179.6,3,0
-1.79,1.67,16.1,73.2,11.0,68.5,2,0.084,1,0,1,287.5,3,1
-19.28,0.0,0.0,69.9,6.7,80.4,3,0.374,3,0,2,394.8,0,1
4.43,0.43,10.6,55.5,77.9,87.6,2,0.453,2,0,2,369.6,3,1
4.3,0.0,0.0,71.4,22.8,176.6,3,0.381,1,1,1,599.5,1,1
1.22,0.0,0.0,48.7,8.0,54.8,2,0.063,1,0,1,202.0,3,1
8.5,0.5,24.0,74.5,66.1,74.4,3,0.171,1,0,1,89.2,2,1
2.38,0.0,0.0,85.7,35.3,37.8,2,0.212,1,0,2,263.3,4,0
3.0,0.0,0.0,89.5,156.9,89.6,3,0.668,2,5,3,334.9,1,1
5.53,0.0,0.0,75.6,48.5,226.8,2,0.494,2,0,1,263.0,4,0
5.98,0.0,0.0,44.3,116.5,100.5,2,0.469,3,0,1,225.7,4,1
6.24,0.0,0.0,68.0,9.4,189.9,3,0.31,2,0,2,191.5,1,1
7.28,0.0,0.0,97.1,3.0,118.9,3,0.515,1,1,1,285.1,2,0
5.5,0.0,0.0,52.0,115.6,116.2,3,0.473,1,3,2,429.1,2,1
3.72,0.0,0.0,64.1,121.5,200.4,2,0.409,3,5,1,131.9,3,1
1.85,0.0,0.0,86.2,30.3,21.0,2,0.651,1,0,1,526.0,3,0
5.16,0.0,0.0,74.3,5.1,209.6,2,0.539,1,0,1,402.6,4,0
5.27,0.0,0.0,98.0,54.8,124.2,3,0.553,2,0,2,109.1,1,1
5.54,0.0,0.0,54.0,94.2,94.0,3,0.314,3,2,1,62.9,2,1
6.93,0.0,0.0,50.2,92.4,219.0,3,0.72,1,1,2,78.2,2,1
6.39,0.0,0.0,83.4,54.4,91.5,2,0.793,2,0,2,99.7,4,1
5.11,0.0,0.0,47.1,9.8,235.0,3,0.204,1,1,2,403.9,1,1
2.98,0.0,0.0,62.0,54.8,225.7,3,0.056,3,0,3,567.5,2,0
-17.33,0.0,0.0,64.0,79.1,75.3,3,0.601,2,1,2,123.3,0,1
4.93,0.0,0.0,80.5,31.4,91.6,2,0.41,2,0,2,206.4,4,1
5.48,0.0,0.0,74.2,19.3,197.7,3,0.14,1,0,1,526.2,1,1
10.52,2.52,24.4,71.9,108.7,59.0,3,0.118,2,0,2,328.1,1,1
3.69,0.0,0.0,59.0,2.3,179.7,3,0.322,1,0,3,284.9,2,1
6.06,0.0,0.0,83.2,44.6,44.1,3,0.196,2,0,1,310.3,2,1
7.67,0.0,0.0,98.0,43.2,61.3,2,0.323,3,1,1,105.6,4,0
5.25,0.0,0.0,75.4,27.5,127.6,3,0.503,1,1,1,170.8,2,1
10.84,2.84,10.8,66.5,165.0,182.8,3,0.066,2,1,2,579.1,2,1
-18.45,0.0,0.0,45.5,36.2,181.4,3,0.05,1,0,3,403.9,0,1
-16.69,0.0,0.0,55.4,27.0,152.0,3,0.276,2,3,1,207.5,0,1
3.0,0.0,0.0,61.8,12.5,76.2,3,0.25,2,3,3,570.8,1,1
4.12,0.0,0.0,57.0,175.2,108.5,2,0.445,2,1,1,268.6,4,0
5.62,0.0,0.0,64.8,5.3,70.4,2,0.121,2,1,1,127.5,4,0
4.62,0.62,10.5,91.7,13.7,77.3,2,0.41,3,2,2,580.9,3,1
3.3,0.0,0.0,83.7,23.0,87.7,2,0.398,3,1,3,416.3,3,1
8.15,0.15,30.9,62.6,51.4,149.7,3,0.538,3,0,1,464.0,1,1
-17.74,0.0,0.0,46.9,175.7,61.7,3,0.54,1,1,3,62.4,0,1
-18.33,0.0,0.0,85.1,69.9,24.6,3,0.217,3,0,2,205.7,0,1
11.76,3.76,36.3,64.3,179.7,170.8,3,0.366,1,2,2,570.0,1,1
5.99,0.0,0.0,39.1,42.7,19.9,3,0.209,1,1,2,135.5,1,1
-19.3,0.0,0.0,75.7,47.4,233.4,3,0.292,2,4,1,530.4,0,1
3.26,0.0,0.0,80.4,109.6,93.8,3,0.211,1,0,1,473.8,1,1
-19.86,0.0,0.0,30.0,38.8,16.5,3,0.457,3,1,1,258.2,0,1
4.84,0.84,18.0,52.6,156.5,214.0,2,0.8,1,1,1,537.7,3,1
4.09,0.0,0.0,63.3,46.0,150.0,2,0.069,2,2,1,557.5,4,1
2.82,0.0,0.0,76.0,1.6,198.9,2,0.486,1,2,1,526.8,3,0
4.84,0.0,0.0,57.3,30.1,112.9,3,0.367,1,0,1,274.1,2,1
6.83,0.0,0.0,52.5,6.0,94.7,3,0.434,3,5,1,372.9,2,1
2.88,0.0,0.0,75.9,2.7,162.4,3,0.159,2,5,1,218.4,1,1
-20.19,0.11,2.3,58.0,8.8,106.4,3,0.062,1,4,1,121.5,0,1
5.56,0.0,0.0,73.1,2.2,140.1,3,0.204,2,1,1,546.2,2,0
6.5,0.0,0.0,48.3,58.5,77.5,3,0.19,3,2,1,589.6,2,0
-16.67,0.0,0.0,44.7,71.5,89.8,3,0.573,2,0,1,82.2,0,1
2.98,0.0,0.0,76.3,25.5,33.5,3,0.407,1,0,2,428.3,2,1
6.69,0.0,0.0,68.8,132.8,190.8,3,0.294,3,0,2,572.1,1,1
-19.36,0.0,0.0,78.8,18.5,93.5,3,0.306,1,1,1,384.4,0,0
1.2,0.0,0.0,57.0,4.5,234.4,2,0.639,1,4,3,75.9,3,1
2.64,0.0,0.0,53.1,1.3,73.4,3,0.319,1,1,2,58.2,2,1
5.75,1.75,19.8,85.4,99.6,121.9,2,0.466,1,0,1,327.3,3,1
4.08,0.08,0.0,42.2,34.3,83.7,2,0.671,3,2,1,567.0,3,1
6.51,0.0,0.0,83.8,167.0,171.1,2,0.467,3,1,1,203.4,4,0
8.12,0.0,0.0,84.8,30.4,196.9,2,0.316,2,0,1,242.7,4,0
9.53,5.53,19.0,77.9,72.1,124.6,2,0.075,2,1,2,487.8,3,1
0.73,0.0,0.0,54.7,124.2,97.6,2,0.147,3,1,1,490.9,4,1
3.15,0.0,0.0,52.8,141.0,182.6,3,0.15,2,1,3,569.0,2,1
3.46,0.0,0.0,61.8,1.5,58.1,2,0.471,2,2,1,511.3,4,1
0.37,0.38,4.7,45.6,61.1,149.9,2,0.583,3,0,3,376.7,3,1
-0.19,0.72,11.7,50.6,30.4,180.1,2,0.286,1,0,1,566.3,3,1
4.25,0.0,0.0,74.7,64.8,75.6,2,0.139,1,1,1,387.9,4,1
1.96,0.02,0.0,74.7,15.5,162.5,3,0.369,3,3,1,380.9,2,1
3.34,0.0,0.0,49.3,54.9,180.4,2,0.379,2,0,1,58.5,3,1
5.13,0.0,0.0,75.1,59.0,41.4,3,0.218,1,2,1,300.5,1,1
6.2,0.0,0.0,71.8,104.4,87.9,2,0.624,1,1,2,73.6,4,1
3.77,0.0,0.0,87.6,13.1,106.4,2,0.621,2,0,1,544.3,3,1
4.01,0.01,0.0,73.5,48.8,189.6,2,0.274,2,0,1,55.8,3,1
4.07,0.0,0.0,80.9,40.8,142.7,3,0.364,3,0,1,218.9,2,1
10.3,0.3,6.3,72.2,167.1,116.2,2,0.249,3,0,1,597.3,4,1
-16.91,0.0,0.0,79.7,57.0,86.7,3,0.273,2,0,1,487.3,0,0
-22.16,1.29,37.6,45.7,49.9,15.9,3,0.322,2,1,1,466.7,0,1
2.49,0.0,0.0,63.2,21.5,19.5,3,0.142,2,1,2,442.1,2,1
-1.85,1.71,14.1,64.4,58.4,69.1,2,0.297,1,1,1,78.2,3,1
5.04,0.0,0.0,61.3,20.7,41.3,2,0.481,2,0,3,208.5,4,1
4.7,0.0,0.0,71.7,170.7,41.9,3,0.114,2,0,1,489.1,2,1
1.33,0.0,0.0,74.5,84.0,150.6,2,0.112,3,3,1,542.6,3,0
10.03,2.03,31.1,70.9,21.8,151.2,3,0.446,3,3,1,242.5,2,1
6.37,0.0,0.0,62.3,2.6,25.1,2,0.069,1,2,1,192.7,4,0
4.32,0.32,18.4,54.0,40.7,148.6,2,0.418,3,0,1,179.7,3,1
2.67,0.0,0.0,81.5,14.8,47.8,3,0.292,2,3,1,351.4,2,0
2.5,0.0,0.0,70.2,13.5,99.9,2,0.306,1,2,1,210.3,4,1
-17.41,0.0,0.0,49.7,110.3,237.7,3,0.322,1,0,2,61.7,0,1
5.43,0.0,0.0,62.1,56.3,132.5,2,0.05,3,0,3,264.9,4,1
-22.14,1.28,15.5,38.9,57.0,22.7,3,0.307,1,0,1,354.6,0,1
4.55,0.0,0.0,65.5,93.3,93.2,3,0.155,2,1,1,398.8,1,1
5.04,0.0,0.0,62.0,13.5,166.0,2,0.403,2,1,1,238.6,4,1
1.96,0.0,0.0,56.4,2.9,65.5,2,0.332,2,0,1,222.6,3,0
2.97,0.0,0.0,88.8,2.3,232.0,2,0.241,2,0,1,206.1,4,1
1.15,0.0,0.0,47.7,0.2,110.7,2,0.224,2,0,1,392.8,3,0
2.06,0.0,0.0,75.6,137.5,19.7,2,0.442,3,1,2,206.0,3,1
5.23,0.0,0.0,97.8,158.0,136.6,3,0.708,2,1,1,554.3,1,0
-15.99,0.0,0.0,81.2,27.8,167.1,3,0.476,1,0,3,204.9,0,1
-14.8,0.2,3.6,64.5,13.0,117.6,3,0.416,2,1,2,485.0,0,1
4.26,0.0,0.0,48.0,55.7,223.8,3,0.072,2,5,1,225.9,1,1
-18.64,0.0,0.0,44.6,3.8,217.9,3,0.293,2,0,1,399.1,0,1
6.09,0.0,0.0,58.8,39.9,46.3,3,0.472,2,1,1,434.5,2,1
4.03,0.03,0.0,54.7,34.0,33.0,2,0.145,1,0,1,145.9,3,1
3.91,0.0,0.0,54.2,11.6,85.3,2,0.223,2,0,1,259.0,4,0
6.98,0.0,0.0,60.1,70.3,151.8,3,0.58,3,3,1,120.2,2,1
7.45,0.0,0.0,63.5,115.2,150.4,2,0.269,2,4,1,330.9,4,1
8.23,0.0,0.0,72.3,43.9,76.1,2,0.653,2,0,1,550.2,4,0
9.45,0.0,0.0,46.4,39.1,229.0,2,0.769,2,0,1,377.9,4,1
2.83,0.0,0.0,54.8,33.3,84.1,3,0.544,2,0,2,435.9,2,1
5.03,0.0,0.0,62.6,11.3,195.9,3,0.112,1,1,3,205.7,1,1
5.03,0.0,0.0,62.1,11.3,202.2,2,0.644,2,0,2,307.5,4,1
4.75,0.0,0.0,92.5,45.6,37.1,3,0.096,2,0,1,457.4,1,1
3.38,0.0,0.0,68.5,168.6,67.3,3,0.357,1,0,1,122.2,2,1
-21.21,0.73,13.9,40.8,35.0,63.4,3,0.263,2,1,1,116.9,0,1
2.73,0.0,0.0,71.3,55.2,221.9,2,0.3,2,3,3,173.4,3,1
0.58,0.25,7.1,73.2,48.2,94.0,2,0.445,1,0,1,180.2,3,0
-17.29,0.0,0.0,63.1,24.9,203.2,3,0.134,2,2,1,579.3,0,1
3.01,0.0,0.0,46.8,3.4,122.6,3,0.546,2,2,2,137.2,1,1
2.25,0.0,0.0,91.4,21.0,117.9,3,0.189,1,0,1,107.8,2,0
5.59,0.0,0.0,49.0,125.5,218.3,3,0.339,1,3,3,125.7,2,1
5.38,0.0,0.0,74.9,128.2,114.2,2,0.071,2,1,1,161.6,4,0
6.45,0.0,0.0,68.0,167.6,182.6,3,0.201,2,1,1,252.8,1,1
10.46,0.46,13.2,74.0,11.9,110.5,2,0.146,2,1,3,158.4,4,0
5.69,0.0,0.0,90.6,55.4,37.9,3,0.211,2,0,1,98.3,2,0
6.21,0.0,0.0,73.4,48.2,26.9,2,0.23,3,0,1,125.1,4,1
2.31,0.0,0.0,56.6,14.0,61.9,3,0.201,1,0,1,484.3,1,0
-20.72,0.43,8.7,81.6,10.9,177.5,3,0.308,2,1,1,336.0,0,1
-13.54,1.46,16.6,55.5,96.5,99.1,3,0.05,1,3,1,460.2,0,1
2.69,0.0,0.0,67.5,43.5,117.2,3,0.36,1,0,1,147.2,1,1
2.39,0.0,0.0,45.6,32.0,37.9,2,0.176,3,0,1,217.8,4,1
-17.6,0.0,0.0,49.5,8.9,155.2,3,0.479,3,0,1,590.3,0,1
4.77,0.0,0.0,65.8,30.7,195.8,3,0.232,1,3,1,97.1,1,1
-19.76,0.0,0.0,70.5,11.7,155.6,3,0.385,1,0,1,291.3,0,1
4.24,0.0,0.0,39.5,13.7,236.5,2,0.145,3,3,2,212.7,4,1
5.57,1.57,14.7,72.5,49.7,18.7,2,0.45,1,0,1,54.0,3,1
0.49,0.31,8.9,52.7,18.8,18.5,2,0.19,3,0,1,353.8,3,0
-0.98,1.19,12.9,84.2,138.5,127.5,2,0.304,1,0,1,352.5,3,1
4.86,0.86,11.6,59.7,53.6,74.9,2,0.394,2,0,1,226.3,3,1
3.73,0.0,0.0,48.1,0.0,169.5,2,0.617,1,0,1,309.7,3,0
-19.05,0.0,0.0,66.1,9.6,193.5,3,0.217,2,3,3,265.6,0,1
1.04,0.0,0.0,51.3,76.5,38.0,2,0.144,1,1,1,305.3,4,0
0.64,0.22,2.4,84.0,4.4,221.4,2,0.318,2,0,2,516.4,3,0
2.36,0.0,0.0,65.0,4.5,21.7,2,0.197,3,1,1,442.7,3,0
7.91,0.0,0.0,62.7,33.2,169.9,3,0.541,1,0,2,204.1,1,1
2.41,0.0,0.0,73.9,0.2,101.5,2,0.091,2,1,2,181.7,4,1
4.79,0.0,0.0,49.9,24.7,165.2,3,0.374,1,2,2,448.9,1,1
-15.81,0.0,0.0,45.7,34.9,37.0,3,0.294,2,5,1,173.5,0,1
-0.95,0.57,7.5,71.1,9.8,225.8,2,0.389,1,1,1,549.2,4,1
7.58,0.0,0.0,48.5,75.0,225.9,3,0.262,2,0,1,508.0,1,1
-20.46,0.27,2.1,48.5,32.9,131.9,3,0.161,3,0,1,188.9,0,1
3.33,0.0,0.0,77.6,46.5,129.7,2,0.193,3,0,1,490.8,3,1
5.62,0.0,0.0,72.9,3.9,157.8,3,0.095,3,0,2,155.2,1,1
7.71,0.0,0.0,46.2,46.0,145.5,2,0.298,1,0,1,63.7,4,1
6.38,0.0,0.0,55.7,1.7,137.3,3,0.25,1,0,1,578.6,2,1
-23.44,2.07,16.7,51.4,54.5,147.6,3,0.31,1,5,2,468.7,0,1
3.04,0.0,0.0,91.6,10.7,208.2,2,0.215,2,3,1,319.0,4,1
5.35,0.0,0.0,78.6,145.1,152.5,3,0.283,1,0,2,513.8,2,1
4.51,0.0,0.0,58.7,1.4,59.1,3,0.485,3,4,2,91.7,1,1
3.69,0.0,0.0,73.6,170.3,220.6,2,0.132,3,2,1,456.8,3,1
6.97,0.0,0.0,44.7,118.1,63.6,3,0.371,1,0,1,576.0,2,1
-15.98,0.0,0.0,54.9,46.9,52.2,3,0.492,1,3,3,500.2,0,1
1.96,0.0,0.0,66.6,24.6,239.3,2,0.122,2,4,1,287.4,3,1
0.38,0.97,3.8,71.8,44.0,63.0,3,0.238,2,1,3,240.5,2,1
1.36,0.0,0.0,63.5,87.1,37.5,2,0.349,2,2,1,540.8,3,0
6.04,0.0,0.0,68.7,22.6,141.5,2,0.785,1,0,1,210.3,4,1
-0.23,0.74,10.3,66.2,42.7,201.1,2,0.055,3,1,1,565.6,3,1
4.08,0.08,0.0,62.5,2.4,28.7,2,0.061,2,1,1,225.9,3,1
7.27,0.0,0.0,60.6,114.1,125.3,3,0.634,1,1,1,118.8,1,1
5.32,0.0,0.0,58.6,9.1,30.4,3,0.351,1,0,1,179.7,1,1
-2.66,2.8,22.9,68.5,12.2,111.5,3,0.111,3,1,1,335.7,2,1
1.8,0.0,0.0,71.2,6.7,92.4,2,0.205,1,2,1,122.1,4,0
9.72,1.72,15.2,68.0,50.7,45.9,3,0.493,3,2,2,259.0,2,1
3.63,0.0,0.0,47.3,147.5,224.5,3,0.106,2,0,1,548.2,1,0
-2.46,2.08,56.9,50.0,84.6,157.8,2,0.294,3,0,1,101.6,3,1
8.09,0.0,0.0,71.0,10.6,204.7,2,0.178,3,0,1,388.0,4,1
5.03,0.0,0.0,87.1,48.7,218.8,2,0.146,3,1,1,272.1,4,1
7.76,0.0,0.0,67.3,145.9,224.3,3,0.19,2,0,1,406.1,1,1
3.19,0.0,0.0,58.8,26.9,183.3,2,0.364,2,3,3,319.3,3,1
6.15,0.0,0.0,68.4,6.0,84.1,3,0.248,1,1,1,532.2,2,1
5.91,0.0,0.0,47.9,40.8,201.5,3,0.493,2,0,3,271.4,2,1
6.74,0.0,0.0,84.6,31.5,132.0,3,0.526,2,1,2,329.6,1,0
-11.81,3.19,25.4,67.8,90.5,76.1,3,0.474,2,0,2,121.6,0,1
7.43,0.0,0.0,55.0,42.5,101.8,3,0.325,2,0,1,319.7,1,0
1.05,0.57,26.4,62.5,1.9,82.8,3,0.366,1,0,1,113.1,2,0
6.12,0.0,0.0,57.1,67.1,119.9,2,0.178,2,1,1,370.7,4,1
7.85,0.0,0.0,84.7,12.6,190.8,2,0.666,1,3,1,285.1,4,1
-14.49,0.51,44.2,62.0,151.2,124.1,3,0.412,2,0,1,480.9,0,1
1.43,0.0,0.0,67.3,20.9,75.3,2,0.363,2,2,1,280.2,3,1
-14.59,0.41,2.8,73.6,1.7,34.7,3,0.222,3,0,1,396.8,0,0
4.82,0.82,33.8,53.9,28.5,207.5,2,0.647,2,0,1,82.4,3,0
11.43,3.43,27.9,67.9,3.2,108.9,3,0.227,3,1,1,440.5,1,1
3.12,0.0,0.0,69.1,11.0,114.4,3,0.526,3,2,1,576.6,2,1
1.23,0.0,0.0,41.7,15.9,186.8,2,0.408,1,4,1,296.3,3,0
4.23,0.0,0.0,68.8,85.7,206.2,3,0.416,2,1,1,55.4,2,1
3.77,0.0,0.0,64.3,173.7,130.0,2,0.156,1,0,1,382.0,4,0
2.77,0.0,0.0,66.9,33.1,157.3,3,0.082,3,0,1,129.8,2,1
-1.91,1.14,19.8,65.5,10.3,68.8,2,0.628,2,0,3,307.4,4,1
1.41,0.0,0.0,68.9,35.3,225.4,2,0.747,1,3,1,67.9,3,1
5.92,0.0,0.0,85.1,52.8,142.8,3,0.296,1,1,2,293.5,1,1
1.27,0.0,0.0,47.3,14.5,176.9,2,0.204,2,0,1,531.0,3,0
9.84,1.84,23.2,59.9,103.8,40.7,3,0.422,1,0,1,124.5,2,1
5.03,0.0,0.0,75.0,157.3,158.3,3,0.382,1,0,1,324.1,2,1
-14.27,0.73,5.9,72.2,9.7,98.0,3,0.598,3,2,2,189.6,0,1
-16.85,0.0,0.0,71.9,127.9,116.3,3,0.141,1,0,2,193.6,0,1
7.07,0.0,0.0,98.0,27.3,168.5,3,0.305,2,3,1,403.8,2,0
-16.8,0.0,0.0,74.2,8.8,194.2,3,0.255,2,0,1,461.6,0,1
8.42,0.0,0.0,82.0,45.5,93.6,2,0.059,1,2,2,530.3,4,1
5.14,0.0,0.0,60.4,2.7,211.5,2,0.109,1,0,1,203.0,4,1
3.74,0.0,0.0,50.1,6.6,64.3,2,0.191,1,0,1,88.9,3,0
3.42,0.0,0.0,60.3,120.3,141.7,2,0.518,3,0,2,293.3,3,1
4.28,0.0,0.0,75.7,19.2,49.0,3,0.281,2,0,1,371.5,2,1
-16.49,0.0,0.0,71.1,0.0,80.1,3,0.472,1,4,2,456.8,0,0
10.59,2.59,63.8,71.0,46.7,216.5,3,0.35,3,2,2,465.8,1,1
4.32,0.0,0.0,61.8,125.9,17.6,3,0.606,1,0,2,525.0,2,1
6.05,0.0,0.0,59.4,55.1,221.0,2,0.05,1,1,1,67.1,4,0
8.14,0.14,6.7,62.3,73.1,88.9,3,0.126,1,1,1,589.5,1,1
7.85,0.0,0.0,75.9,90.7,171.6,3,0.554,3,1,1,581.7,2,1
5.03,0.0,0.0,77.6,60.0,35.6,3,0.318,2,0,1,69.6,1,0
-23.46,2.08,16.0,49.9,26.0,159.3,3,0.436,2,0,1,222.3,0,1
-16.21,0.0,0.0,76.4,36.3,219.6,3,0.328,1,0,1,471.0,0,1
-0.55,1.53,12.2,55.2,90.4,139.9,3,0.422,3,3,2,313.2,1,1
-13.83,1.17,20.7,72.0,19.6,96.5,3,0.403,3,0,1,52.6,0,1
-17.08,0.0,0.0,62.1,1.2,193.6,3,0.41,2,1,1,245.1,0,1
7.5,0.0,0.0,88.5,3.6,175.4,3,0.147,1,3,2,368.4,1,1
2.74,0.0,0.0,58.7,55.2,41.5,3,0.092,2,0,1,533.8,1,1
1.12,0.53,18.3,67.7,113.5,164.8,3,0.112,1,0,1,506.1,2,1
-16.85,0.0,0.0,74.1,155.3,164.5,3,0.507,1,0,2,570.5,0,0
4.92,0.0,0.0,51.9,49.8,184.2,3,0.517,2,1,1,307.4,1,0
3.77,0.0,0.0,63.9,7.6,86.2,3,0.611,2,0,1,489.1,2,1
5.21,0.0,0.0,61.0,12.8,105.3,2,0.28,3,0,2,105.4,4,0
9.42,5.42,44.2,57.3,73.8,231.0,2,0.49,1,0,1,335.2,3,1
7.09,0.0,0.0,58.4,58.0,144.0,2,0.803,1,1,2,554.1,4,1
7.62,0.0,0.0,81.7,79.9,129.4,3,0.685,2,1,2,511.4,1,1
7.11,0.0,0.0,56.0,3.9,237.0,3,0.185,2,0,1,410.6,2,1
8.7,0.7,9.4,73.5,43.5,66.7,3,0.213,2,2,3,132.1,2,1
4.52,0.0,0.0,69.7,74.5,104.5,2,0.235,2,0,1,150.1,4,1
-0.14,0.08,0.0,44.0,11.2,186.0,2,0.117,1,0,1,423.3,4,0
4.53,0.0,0.0,72.8,7.7,175.4,2,0.285,2,0,1,229.1,4,0
4.53,0.53,4.9,43.8,16.9,232.5,2,0.229,3,1,1,231.2,3,1
2.58,0.0,0.0,74.4,19.0,162.2,3,0.212,1,1,1,516.2,2,1
4.56,0.0,0.0,57.4,139.7,85.4,3,0.836,2,0,1,61.3,2,0
3.27,0.0,0.0,65.1,162.2,104.5,2,0.261,1,0,1,265.9,4,1
8.76,0.76,9.3,45.6,79.4,35.2,3,0.784,1,0,1,181.0,1,1
6.87,0.0,0.0,66.8,14.1,222.8,3,0.341,3,0,1,64.9,1,1
6.63,0.0,0.0,78.9,51.0,44.0,2,0.363,2,0,3,169.1,4,0
6.55,0.0,0.0,52.9,117.9,137.8,3,0.375,1,0,2,151.3,1,1
4.91,0.0,0.0,55.9,43.2,105.3,3,0.297,2,0,1,327.5,1,0
5.49,0.0,0.0,71.8,83.7,45.2,3,0.188,1,0,1,289.4,2,0
2.04,0.0,0.0,72.2,54.8,80.9,3,0.179,1,0,1,309.4,1,0
-0.47,0.28,19.5,30.0,9.8,157.6,2,0.162,3,0,1,532.9,4,0
5.38,0.0,0.0,95.2,21.9,22.0,2,0.681,1,1,1,321.9,4,0
5.81,0.0,0.0,72.9,24.5,232.3,3,0.166,2,0,2,401.5,1,0
8.02,0.02,0.0,75.5,8.4,219.5,3,0.646,2,1,1,406.1,2,1
8.93,0.0,0.0,62.8,41.2,34.0,2,0.617,3,0,2,334.3,4,1
6.42,2.42,14.9,37.2,167.9,210.4,2,0.372,1,0,2,217.6,3,1
2.5,0.0,0.0,75.1,4.6,88.9,3,0.144,2,0,1,546.7,1,1
4.12,0.0,0.0,56.5,42.6,30.2,3,0.2,1,0,2,291.0,2,1
3.7,0.0,0.0,73.2,31.2,83.9,2,0.26,1,2,1,364.1,3,0
8.83,4.83,53.7,61.7,165.8,197.0,2,0.472,1,0,3,357.5,3,1
-13.8,1.2,13.4,68.6,57.9,164.8,3,0.438,2,0,1,505.2,0,1
7.8,0.0,0.0,53.4,73.0,68.7,3,0.05,1,0,1,344.0,1,0
4.03,0.0,0.0,78.0,178.2,176.8,2,0.243,3,0,1,301.3,4,1
2.79,0.0,0.0,47.2,59.0,174.3,3,0.224,2,3,1,303.0,1,1
6.97,0.0,0.0,98.0,1.2,182.1,3,0.219,3,5,2,479.0,1,1
2.25,0.0,0.0,98.0,167.2,136.6,3,0.577,1,0,2,231.5,1,1
-18.1,0.0,0.0,89.5,6.5,199.3,3,0.312,1,0,1,564.2,0,0
-17.79,0.0,0.0,84.1,119.6,159.3,3,0.106,2,0,2,515.6,0,0
8.98,0.98,19.8,63.7,37.6,43.2,3,0.48,1,0,1,126.1,1,1
4.11,0.0,0.0,82.5,16.7,197.3,2,0.304,2,0,1,224.5,4,1
-23.6,2.16,20.8,63.6,18.9,87.8,3,0.609,3,0,1,548.1,0,1
6.26,0.0,0.0,41.7,16.0,173.6,3,0.377,2,0,2,203.1,1,1
-19.25,0.0,0.0,87.5,87.5,166.9,3,0.333,3,0,1,224.7,0,1
5.11,0.0,0.0,81.9,5.7,90.6,3,0.162,1,0,1,169.6,2,0
4.78,0.0,0.0,64.5,151.2,51.4,3,0.563,2,1,1,79.9,1,1
1.82,0.0,0.0,46.6,7.6,171.4,2,0.405,2,3,2,313.2,3,1
6.98,0.0,0.0,56.2,161.1,206.0,3,0.247,2,0,1,465.2,2,1
-1.33,1.4,19.7,37.7,70.3,203.6,2,0.359,2,2,1,413.0,3,1
1.21,0.0,0.0,79.2,16.4,156.0,2,0.05,2,0,1,65.2,3,1
6.71,0.0,0.0,41.0,4.5,66.2,3,0.275,3,0,1,337.9,2,0
3.46,0.0,0.0,69.3,90.9,86.1,2,0.47,1,1,1,231.7,4,1
0.98,0.61,35.9,52.3,61.7,184.8,3,0.353,1,0,2,403.0,2,1
6.67,0.0,0.0,43.6,38.3,107.4,2,0.354,1,3,1,272.8,4,1
7.81,0.0,0.0,68.6,56.8,179.8,2,0.393,1,3,2,589.3,4,1
4.89,0.0,0.0,60.0,67.9,84.6,3,0.485,2,0,3,505.6,2,1
-2.4,2.04,11.0,77.6,14.1,16.4,2,0.401,2,0,1,435.2,3,1
6.76,0.0,0.0,46.0,47.8,150.8,3,0.378,1,0,1,333.6,1,1
0.85,0.0,0.0,53.6,38.7,150.2,2,0.301,3,3,1,375.1,4,1
3.27,0.0,0.0,30.0,6.3,156.2,2,0.217,3,0,1,293.2,3,0
2.78,0.0,0.0,32.2,121.7,75.3,2,0.587,2,2,1,487.1,4,1
2.1,0.0,0.0,92.0,27.1,197.5,3,0.262,2,0,1,549.5,1,1
1.4,0.0,0.0,96.3,66.5,124.7,2,0.181,1,1,2,599.5,3,1
4.54,0.0,0.0,66.4,59.1,186.5,3,0.217,2,0,2,379.4,2,1
-19.11,0.0,0.0,52.6,29.5,152.5,3,0.18,2,2,1,425.0,0,1
-16.03,0.0,0.0,60.5,25.8,108.6,3,0.326,1,1,2,269.9,0,1
3.88,0.0,0.0,78.1,25.3,167.9,3,0.155,3,0,3,54.7,2,1
7.45,0.0,0.0,57.3,168.9,144.4,3,0.285,2,0,1,436.8,1,1
-16.8,0.0,0.0,68.6,25.1,129.9,3,0.608,1,0,1,563.7,0,1
3.26,0.0,0.0,64.8,66.2,160.9,3,0.379,2,1,2,522.8,2,0
0.34,0.4,2.7,56.5,18.4,34.3,2,0.304,2,2,2,533.2,3,0
0.88,0.67,10.9,57.1,4.2,219.8,3,0.082,1,0,1,271.2,1,0
5.73,0.0,0.0,69.4,7.0,90.4,2,0.358,1,3,2,442.5,4,1
1.61,0.0,0.0,50.3,153.5,65.6,2,0.05,1,0,1,401.1,3,1
-0.93,1.76,18.6,71.8,29.5,188.7,3,0.484,2,2,1,347.5,2,1
3.66,0.0,0.0,57.9,36.2,67.0,2,0.068,1,3,2,133.4,4,0
2.75,0.0,0.0,66.9,44.5,239.0,3,0.069,1,1,2,366.5,2,1
-13.56,1.44,11.8,85.8,50.5,109.6,3,0.391,3,4,1,214.2,0,1
-21.76,1.05,11.3,62.5,28.8,81.7,3,0.31,3,0,1,437.0,0,1
1.4,0.0,0.0,78.8,47.9,29.0,2,0.518,2,1,1,569.7,4,1
7.77,0.0,0.0,38.1,179.9,24.4,2,0.496,3,0,1,450.2,4,0
5.89,1.89,29.6,57.9,7.6,36.4,2,0.053,2,0,2,192.7,3,1
-19.36,0.0,0.0,65.4,35.3,16.1,3,0.308,1,1,1,305.9,0,1
3.42,0.0,0.0,93.8,9.6,88.6,3,0.204,2,3,2,360.7,1,1
-15.96,0.0,0.0,35.6,145.0,84.9,3,0.296,1,4,1,449.4,0,1
-23.32,1.99,13.2,63.6,49.8,111.8,3,0.232,2,1,1,131.3,0,1
0.35,0.99,15.2,86.9,56.2,67.4,3,0.336,3,2,1,339.1,1,1
4.3,0.0,0.0,53.2,121.5,29.1,3,0.774,1,2,2,523.1,2,0
-13.63,1.37,13.3,61.8,44.5,31.0,3,0.369,1,2,1,65.2,0,1
3.91,0.0,0.0,70.0,14.4,56.0,2,0.055,1,0,1,450.2,4,0
5.25,0.0,0.0,67.8,27.5,86.2,3,0.091,3,0,1,534.2,2,1
7.83,0.0,0.0,88.5,9.7,48.3,3,0.086,1,0,1,487.7,1,0
10.27,2.27,41.7,71.7,144.6,97.2,3,0.337,3,2,1,562.5,2,1
1.06,0.0,0.0,84.9,99.8,222.5,2,0.17,1,1,2,480.5,3,1
4.96,0.0,0.0,59.6,88.5,73.9,3,0.298,3,2,2,334.9,1,1
-12.94,2.06,14.0,53.9,75.4,52.9,3,0.433,1,4,1,312.3,0,1
-21.31,0.78,26.9,61.6,73.5,164.6,3,0.171,1,1,2,67.5,0,1
7.57,0.0,0.0,47.6,55.0,125.4,2,0.263,1,2,1,60.2,4,1
-20.05,0.03,0.0,72.3,11.3,25.6,3,0.093,1,1,1,401.7,0,1
2.76,0.0,0.0,59.2,25.3,192.3,2,0.091,1,1,1,201.5,3,0
4.39,0.0,0.0,54.9,93.5,176.0,3,0.072,1,0,1,218.9,1,1
0.1,0.54,5.8,72.5,63.1,234.9,2,0.53,2,4,1,493.9,3,1
-19.96,0.0,0.0,47.8,162.6,226.1,3,0.334,2,2,1,111.2,0,1
5.69,0.0,0.0,76.6,10.3,146.5,2,0.42,1,2,1,206.1,4,0
4.99,0.99,21.3,57.8,2.9,169.4,2,0.546,2,0,1,426.8,3,1
4.68,0.0,0.0,82.4,74.2,107.1,3,0.463,3,0,1,66.8,2,1
5.18,0.0,0.0,59.1,10.5,214.9,3,0.606,3,2,1,335.9,1,1
6.43,0.0,0.0,74.5,51.8,139.4,2,0.292,2,3,1,97.0,4,1
2.57,0.0,0.0,67.7,17.0,88.2,3,0.29,1,5,1,468.9,1,1
6.85,0.0,0.0,76.2,31.2,17.1,3,0.271,3,1,1,399.0,2,1
7.05,0.0,0.0,66.6,47.0,147.0,3,0.32,3,1,1,384.7,1,1
11.51,3.51,14.8,40.0,134.7,133.2,3,0.206,3,0,1,171.7,1,1
4.06,0.0,0.0,80.1,153.5,197.7,3,0.275,2,2,2,448.6,2,1
-18.65,0.0,0.0,63.7,42.5,57.1,3,0.582,2,0,1,215.9,0,1
-15.58,0.0,0.0,76.8,38.5,198.5,3,0.663,3,2,1,363.9,0,1
7.05,0.0,0.0,75.4,142.6,18.4,3,0.135,2,0,1,100.6,1,1
-18.84,0.0,0.0,53.4,48.7,147.1,3,0.118,1,3,1,102.8,0,1
3.99,0.0,0.0,51.3,59.4,104.3,3,0.744,3,0,1,156.7,2,1
6.35,0.0,0.0,74.8,23.4,89.6,2,0.255,3,0,3,168.8,4,0
-19.57,0.0,0.0,60.5,7.8,112.5,3,0.069,1,1,1,119.5,0,1
-18.53,0.0,0.0,79.0,4.1,65.3,3,0.414,1,1,1,115.0,0,1
-17.28,0.0,0.0,62.3,73.4,56.3,3,0.235,3,2,1,533.5,0,1
7.49,0.0,0.0,80.4,36.0,196.1,3,0.118,1,1,3,355.0,2,0
3.49,0.0,0.0,71.3,5.0,66.2,3,0.333,2,1,1,392.2,1,1
0.39,0.96,28.1,69.3,10.9,180.8,3,0.277,1,0,1,208.3,2,1
-22.29,1.37,13.1,59.4,62.4,175.1,3,0.353,1,2,1,80.5,0,1
1.85,0.09,0.0,68.5,51.7,22.5,3,0.165,2,5,2,582.6,1,1
1.72,0.17,3.3,82.9,22.3,213.2,3,0.591,3,2,2,79.7,2,1
4.61,0.0,0.0,64.2,10.0,192.6,3,0.459,2,0,2,502.4,2,1
2.03,0.0,0.0,73.0,177.7,194.1,3,0.324,1,2,2,415.8,2,1
0.74,0.15,1.0,65.7,157.0,197.1,2,0.367,1,0,1,274.1,3,1
3.06,0.0,0.0,66.9,29.3,146.1,3,0.346,1,4,1,460.6,2,1
3.9,0.0,0.0,90.9,54.6,238.5,2,0.377,3,0,2,470.6,4,1
8.31,0.31,3.4,83.0,43.9,55.3,3,0.275,2,0,1,533.1,2,0
6.65,0.0,0.0,66.2,103.5,31.3,3,0.408,3,0,1,349.7,1,1
5.04,0.0,0.0,68.2,119.5,173.4,3,0.407,3,2,1,167.5,1,1
3.85,0.0,0.0,54.5,140.4,81.1,3,0.087,2,1,1,364.9,1,1
3.92,0.0,0.0,62.4,21.5,151.9,3,0.37,1,1,1,104.6,2,1
5.82,0.0,0.0,69.6,56.5,103.1,3,0.414,3,0,1,256.9,1,0
6.46,0.0,0.0,77.8,27.9,90.0,2,0.297,1,3,1,385.7,4,1
2.73,0.0,0.0,76.2,94.7,216.0,3,0.256,3,0,1,188.5,2,1
5.09,0.0,0.0,48.4,2.9,47.0,2,0.545,2,0,1,525.8,4,0
-2.58,2.15,10.5,79.7,6.4,57.5,2,0.05,1,2,2,586.8,3,1
5.53,0.0,0.0,63.7,95.4,165.3,3,0.302,2,1,2,91.8,1,1
6.91,0.0,0.0,50.2,19.9,191.1,3,0.503,1,1,2,163.2,1,1
1.8,0.0,0.0,85.0,157.6,202.2,2,0.379,2,0,1,310.2,3,1
9.54,1.54,23.1,86.9,10.0,67.0,3,0.095,2,1,2,70.9,1,1
2.8,0.0,0.0,69.0,18.7,213.5,3,0.274,1,0,2,101.1,1,1
5.54,0.0,0.0,75.6,7.1,152.1,2,0.242,2,0,1,545.4,4,0
4.91,0.0,0.0,76.5,59.7,200.2,3,0.356,2,0,1,75.0,2,1
-17.75,0.0,0.0,85.9,85.0,30.4,3,0.203,3,1,1,186.1,0,1
4.71,0.0,0.0,75.9,30.7,95.3,3,0.304,3,0,1,283.0,2,1
5.27,0.0,0.0,45.1,26.3,133.1,3,0.323,2,0,2,61.3,2,1
7.12,0.0,0.0,95.1,14.3,144.8,2,0.247,3,0,1,495.8,4,0
5.94,1.94,57.6,81.0,178.0,37.3,2,0.292,1,0,1,506.5,3,1
-17.51,0.0,0.0,57.4,89.4,136.2,3,0.05,1,0,1,267.1,0,1
-15.46,0.0,0.0,49.6,121.3,164.7,3,0.05,1,1,2,161.0,0,1
0.75,0.15,3.0,72.6,3.0,96.4,2,0.208,3,0,2,540.8,3,1
-15.59,0.0,0.0,60.8,36.7,127.7,3,0.327,1,0,1,423.2,0,1
3.1,0.0,0.0,69.9,1.0,80.8,3,0.76,3,1,3,338.1,1,1
-14.77,0.23,7.8,76.2,10.5,210.9,3,0.423,2,0,1,265.8,0,1
-11.97,3.03,22.8,56.5,6.2,149.8,3,0.482,1,1,1,346.6,0,1
4.69,0.0,0.0,48.3,13.4,139.0,2,0.113,2,1,1,187.2,4,1
-22.98,1.79,16.6,70.8,4.1,227.5,3,0.322,2,2,2,297.3,0,1
-18.87,0.0,0.0,57.0,169.3,164.6,3,0.321,2,1,2,427.2,0,1
8.08,0.0,0.0,67.2,2.1,78.0,2,0.249,3,0,2,276.2,4,0
-16.12,0.0,0.0,44.9,104.3,159.4,3,0.204,2,0,2,426.7,0,1
5.62,0.0,0.0,61.2,122.0,231.4,2,0.321,1,0,1,456.3,4,0
-14.98,0.02,0.0,75.7,19.0,20.3,3,0.493,2,3,1,464.5,0,1
-16.29,0.0,0.0,74.1,41.0,156.0,3,0.115,1,0,1,363.0,0,1
-14.46,0.54,15.3,53.2,106.4,50.3,3,0.551,3,0,1,151.4,0,1
4.8,0.8,18.4,47.5,3.5,198.7,2,0.369,1,1,1,435.3,3,1
6.3,2.3,16.9,65.2,43.6,159.2,2,0.234,2,1,1,500.6,3,1
5.9,0.0,0.0,73.4,53.9,225.8,3,0.158,2,3,1,101.9,2,1
7.26,0.0,0.0,71.1,133.2,165.7,3,0.388,1,0,1,542.8,1,1
-18.27,0.0,0.0,57.3,102.7,18.9,3,0.11,2,3,1,567.7,0,1
3.5,0.0,0.0,69.5,134.7,129.8,3,0.363,1,1,3,417.5,2,0
9.27,1.27,8.5,87.5,32.7,218.3,3,0.409,2,2,1,111.1,1,1
5.54,0.0,0.0,68.1,56.4,67.3,3,0.05,2,0,2,409.5,2,1
4.51,0.51,29.9,40.5,174.5,33.7,2,0.38,1,0,1,245.8,3,1
5.31,0.0,0.0,68.0,92.4,177.0,2,0.073,1,0,2,217.0,4,0
3.53,0.0,0.0,95.7,49.5,128.1,3,0.05,2,2,1,70.2,2,0
-17.47,0.0,0.0,45.7,146.9,25.7,3,0.261,2,0,1,448.7,0,1
8.59,0.59,7.4,65.4,79.0,78.0,3,0.382,2,0,1,361.7,1,1
6.39,0.0,0.0,61.6,18.8,88.5,2,0.306,1,0,1,297.9,4,0
0.72,0.77,11.0,66.4,14.0,165.3,3,0.398,1,2,2,263.8,2,1
1.96,0.0,0.0,67.9,4.4,121.1,2,0.535,2,0,1,276.5,3,0
9.46,1.46,11.3,82.1,164.2,124.6,3,0.553,3,0,1,299.2,2,1
-18.03,0.0,0.0,66.3,12.1,196.5,3,0.217,2,1,1,312.6,0,1
0.5,0.0,0.0,84.2,23.2,77.6,2,0.204,2,3,1,103.7,4,0
7.23,3.23,25.9,63.2,52.5,166.3,2,0.21,2,2,1,259.2,3,1
6.71,0.0,0.0,59.7,154.3,97.7,2,0.156,2,1,1,85.2,4,1
4.82,0.0,0.0,55.0,172.3,109.1,2,0.313,3,0,1,476.8,4,1
4.07,0.0,0.0,37.7,105.4,140.1,3,0.597,1,0,1,337.2,1,1
7.71,0.0,0.0,69.1,44.5,171.5,3,0.577,2,0,1,489.7,1,0
3.65,0.0,0.0,95.8,10.5,227.7,3,0.26,1,0,1,286.1,1,1
7.87,0.0,0.0,71.9,15.8,75.5,2,0.161,1,0,3,134.2,4,1
6.36,0.0,0.0,75.3,5.7,38.3,3,0.26,1,1,1,214.8,2,1
5.61,0.0,0.0,58.8,16.2,111.5,3,0.357,1,0,1,178.6,2,0
5.36,0.0,0.0,61.3,100.4,138.0,2,0.377,1,1,2,291.9,4,1
2.06,0.0,0.0,79.8,30.5,66.3,2,0.35,1,0,3,483.9,3,1
7.61,0.0,0.0,95.1,38.9,215.4,2,0.303,1,5,2,114.1,4,1
2.84,0.0,0.0,87.3,46.0,194.7,2,0.325,1,2,1,270.1,4,1
-21.55,0.93,6.8,77.1,79.7,126.1,3,0.723,1,0,2,100.5,0,1
6.54,0.0,0.0,65.5,42.1,116.3,3,0.729,1,0,1,265.3,1,1
4.08,0.08,0.0,68.1,56.3,24.2,2,0.268,3,4,2,370.4,3,1
6.2,0.0,0.0,53.7,7.7,135.8,2,0.28,2,3,1,87.9,4,0
-16.48,0.0,0.0,43.3,44.7,149.0,3,0.231,1,0,1,86.7,0,1
4.2,0.0,0.0,48.1,3.9,215.6,3,0.638,1,0,2,451.8,1,0
6.97,0.0,0.0,65.7,38.9,127.7,3,0.527,2,5,2,274.1,2,1
2.39,0.0,0.0,60.6,93.1,50.4,2,0.106,1,1,2,243.3,3,1
-18.72,0.0,0.0,43.0,6.0,55.5,3,0.478,1,1,2,427.5,0,1
1.72,0.0,0.0,64.4,30.0,51.0,2,0.581,1,0,1,96.6,3,0
10.05,2.05,11.6,60.2,4.4,226.2,3,0.584,2,2,1,522.8,1,1
0.66,0.8,5.1,47.4,1.4,193.5,3,0.166,2,1,1,476.5,1,1
6.25,0.0,0.0,59.4,0.4,200.6,3,0.396,2,0,1,264.3,2,0
0.8,0.72,7.7,60.2,14.6,204.1,3,0.223,1,1,1,307.8,2,1
2.23,0.0,0.0,55.8,157.1,36.5,2,0.238,1,0,1,268.7,3,1
3.92,0.0,0.0,78.9,111.8,173.0,3,0.224,3,0,2,481.9,1,1
-0.21,0.13,1.3,36.5,169.8,173.5,2,0.072,2,1,1,65.9,4,1
-16.53,0.0,0.0,35.2,20.0,65.6,3,0.334,2,1,2,419.3,0,1
4.05,0.0,0.0,65.0,165.2,125.4,2,0.331,3,4,2,216.4,4,1
-22.75,1.65,26.3,66.4,157.9,164.0,3,0.343,2,1,3,478.8,0,1
4.6,0.6,19.3,71.1,48.5,216.9,2,0.456,1,0,1,591.1,3,1
8.59,0.59,25.7,56.9,1.5,39.8,3,0.564,2,0,1,203.4,1,0
8.73,0.73,6.6,51.2,138.4,215.7,3,0.058,1,1,1,295.2,1,1
-16.6,0.0,0.0,64.9,119.5,222.5,3,0.139,2,0,2,351.2,0,1
2.62,0.0,0.0,58.4,11.7,222.8,2,0.164,2,1,2,353.1,3,0
-14.18,0.82,21.8,88.3,27.3,16.1,3,0.62,1,0,2,136.1,0,1
6.71,2.71,21.1,60.1,48.6,64.7,2,0.443,1,0,1,370.8,3,1
5.33,1.33,7.1,64.2,37.7,170.5,2,0.381,1,0,1,448.2,3,1
2.65,0.0,0.0,98.0,161.5,87.4,2,0.314,2,0,2,569.2,4,1
3.0,0.0,0.0,62.1,50.4,28.7,2,0.064,1,0,1,449.0,3,1
6.1,0.0,0.0,73.3,147.1,186.7,3,0.443,1,1,3,381.8,1,1
-2.02,1.81,35.4,74.7,137.5,21.4,2,0.319,1,0,2,178.3,3,1
6.17,0.0,0.0,76.0,3.1,115.4,2,0.119,3,3,2,103.9,4,0
10.68,2.68,13.6,69.3,133.6,228.2,3,0.233,3,1,2,398.9,1,1
-15.9,0.0,0.0,67.9,69.0,114.1,3,0.124,2,2,1,393.9,0,0
8.68,0.0,0.0,66.5,51.8,220.2,2,0.439,2,2,1,511.6,4,0
-17.04,0.0,0.0,56.4,31.1,107.0,3,0.255,2,3,1,295.4,0,1
4.82,0.0,0.0,69.9,173.9,93.0,3,0.369,1,3,2,144.6,2,1
5.95,0.0,0.0,95.4,58.1,39.2,3,0.467,1,0,2,173.6,1,1
-19.54,0.0,0.0,83.2,5.1,95.6,3,0.147,1,0,1,312.0,0,0
0.09,0.55,12.3,69.6,23.6,90.8,2,0.077,3,1,1,221.6,3,1
-14.33,0.67,6.4,77.8,2.0,205.5,3,0.074,2,1,1,149.1,0,1
5.93,1.93,29.6,52.0,31.4,222.0,2,0.395,1,1,1,109.3,3,1
0.02,0.59,9.6,61.1,2.2,19.9,2,0.586,2,1,3,276.8,3,1
-15.08,0.0,0.0,79.2,56.7,37.1,3,0.39,1,0,1,235.6,0,0
-17.72,0.0,0.0,87.3,51.1,159.7,3,0.197,2,0,1,580.9,0,1
3.35,0.0,0.0,53.4,90.3,124.1,2,0.36,2,1,1,521.0,3,1
6.15,0.0,0.0,57.7,54.9,81.8,3,0.063,3,1,2,150.9,2,1
-15.01,0.0,0.0,97.7,115.4,73.5,3,0.224,2,2,1,464.3,0,1
5.21,0.0,0.0,66.4,162.2,65.6,2,0.601,3,1,1,314.1,4,1
8.53,0.53,8.0,92.4,12.3,133.2,3,0.245,1,0,1,559.4,1,1
-16.73,0.0,0.0,68.1,39.1,18.9,3,0.384,2,0,1,384.5,0,1
6.56,0.0,0.0,68.7,6.4,181.2,2,0.748,3,0,1,162.2,4,1
-19.58,0.0,0.0,60.4,64.6,82.6,3,0.147,1,0,2,157.8,0,1
10.4,2.4,28.8,79.1,24.2,111.0,3,0.546,3,2,2,582.0,2,1
6.17,0.0,0.0,85.4,1.9,133.6,2,0.268,3,1,1,555.1,4,1
6.78,0.0,0.0,49.5,1.6,62.6,3,0.204,2,3,1,315.6,2,1
0.98,0.61,10.1,59.7,37.2,213.8,3,0.137,1,1,1,360.2,2,1
2.94,0.0,0.0,78.7,111.0,168.5,3,0.414,1,0,1,350.9,1,0
-14.41,0.59,17.2,63.1,77.8,210.8,3,0.082,2,1,1,469.9,0,1
5.72,0.0,0.0,57.6,8.3,122.0,3,0.082,3,0,2,311.0,2,0
0.22,0.0,0.0,80.1,46.9,112.3,2,0.158,1,0,1,117.4,4,0
-14.9,0.1,0.0,81.6,35.5,68.4,3,0.439,1,0,1,228.4,0,1
3.64,0.0,0.0,58.3,28.5,137.6,2,0.225,1,0,1,362.6,4,0
8.53,0.53,2.6,68.2,7.0,148.5,3,0.179,2,0,1,243.1,2,1
4.78,0.0,0.0,46.9,18.9,109.5,3,0.522,3,1,1,497.5,2,1
-16.99,0.0,0.0,51.6,141.0,47.7,3,0.073,2,1,1,571.3,0,0
5.45,1.45,19.9,66.9,26.2,76.4,2,0.587,2,0,2,183.1,3,1
-19.74,0.0,0.0,65.5,122.0,18.2,3,0.315,2,1,1,539.0,0,1
2.52,0.0,0.0,50.5,15.3,86.8,3,0.248,2,0,1,443.6,1,1
2.01,0.0,0.0,54.3,40.0,145.7,2,0.121,2,1,3,372.8,3,1
-15.43,0.0,0.0,49.0,43.0,230.0,3,0.317,1,1,1,121.7,0,1
1.67,0.2,1.1,71.8,8.8,55.0,3,0.132,1,0,2,276.0,2,0
0.83,0.7,9.3,35.5,7.6,27.5,3,0.522,3,1,1,597.4,2,1
-15.44,0.0,0.0,49.8,122.2,81.7,3,0.394,2,0,1,406.6,0,1
3.49,0.0,0.0,37.1,127.3,50.3,3,0.651,1,0,1,375.4,1,1
4.02,0.0,0.0,71.3,101.2,171.5,3,0.169,2,0,2,69.6,1,1
-2.14,1.89,16.8,38.0,11.7,16.3,2,0.103,2,0,2,226.5,3,1
3.3,0.0,0.0,65.5,11.7,235.7,2,0.133,1,0,1,318.5,4,0
4.98,0.0,0.0,89.6,4.0,207.5,2,0.786,2,0,1,402.9,4,1
-15.17,0.0,0.0,90.1,137.3,125.4,3,0.346,1,0,1,521.4,0,1
-19.43,0.0,0.0,37.9,127.1,222.2,3,0.341,3,0,1,301.9,0,1
-13.36,1.64,10.3,69.5,55.0,156.3,3,0.255,2,1,1,200.9,0,1
3.29,0.0,0.0,50.2,130.8,238.6,3,0.538,3,2,3,204.7,2,1
-19.21,0.0,0.0,47.1,2.9,77.6,3,0.159,2,2,1,125.8,0,0
8.84,0.84,7.3,63.3,44.2,239.3,3,0.297,3,1,1,130.0,1,1
5.53,0.0,0.0,83.4,13.1,55.6,2,0.371,1,3,1,217.9,4,0
3.62,0.0,0.0,74.0,20.3,94.5,2,0.512,1,1,1,471.6,4,0
4.61,0.0,0.0,54.3,111.6,225.4,2,0.403,3,1,3,277.3,4,1
8.38,0.38,3.4,75.6,118.9,98.4,3,0.622,3,2,1,522.8,1,1
6.17,2.17,42.4,31.3,14.0,62.2,2,0.146,3,2,2,572.0,3,1
0.46,0.33,14.5,53.7,9.8,28.4,2,0.234,3,2,1,91.5,3,1
-17.61,0.0,0.0,52.6,27.7,48.5,3,0.552,2,3,1,441.0,0,1
5.23,0.0,0.0,66.2,2.2,94.9,3,0.311,2,0,1,96.9,2,0
2.53,0.0,0.0,62.0,42.3,109.8,3,0.481,3,4,2,89.5,2,1
4.86,0.0,0.0,62.9,47.9,137.1,3,0.321,1,0,1,201.7,1,1
2.51,0.0,0.0,62.4,13.9,198.1,2,0.36,3,0,1,105.9,3,1
5.35,1.35,14.1,65.3,13.8,18.0,2,0.086,3,0,1,414.6,3,1
8.02,0.02,0.0,73.1,14.2,204.3,3,0.435,2,1,1,443.9,2,1
1.68,0.0,0.0,67.2,103.4,144.9,2,0.389,1,0,2,401.6,3,1
1.97,0.0,0.0,60.7,56.7,185.2,2,0.112,2,0,2,366.4,3,1
6.66,0.0,0.0,71.0,27.0,185.3,3,0.289,3,0,1,479.7,2,1
3.54,0.0,0.0,77.4,54.2,218.2,3,0.188,1,1,1,474.9,1,0
3.97,0.0,0.0,56.7,128.1,36.0,2,0.684,1,0,1,528.6,3,1
2.28,0.0,0.0,64.1,3.1,143.6,2,0.235,2,1,1,431.3,3,1
2.58,0.0,0.0,82.4,5.6,219.5,2,0.064,3,1,1,245.7,4,0
-19.89,0.0,0.0,48.5,165.0,176.8,3,0.536,2,2,1,338.6,0,1
8.62,0.62,7.2,92.1,79.2,36.7,3,0.436,2,1,1,319.8,2,1
4.61,0.0,0.0,44.9,4.4,153.1,2,0.241,1,0,2,109.3,4,1
9.1,1.1,22.1,59.8,31.0,195.0,3,0.321,2,5,1,496.5,2,1
3.72,0.0,0.0,50.7,96.4,76.8,2,0.384,3,3,2,552.1,4,1
-16.77,0.0,0.0,97.8,4.2,157.3,3,0.42,1,0,2,591.4,0,1
-11.52,3.48,24.3,57.4,1.0,204.1,3,0.271,1,0,3,186.4,0,1
-0.14,0.69,8.9,57.5,55.9,132.9,2,0.382,1,1,3,102.6,3,1
0.26,1.05,10.5,59.4,9.9,58.7,3,0.477,1,2,1,111.1,1,1
8.22,0.22,14.3,66.4,49.4,138.7,3,0.092,2,2,1,492.4,2,1
2.93,0.0,0.0,60.1,53.2,147.3,3,0.129,3,3,2,397.5,2,1
4.95,0.0,0.0,63.0,19.4,105.6,3,0.203,2,4,2,465.9,2,1
3.54,0.0,0.0,30.0,34.8,167.9,2,0.104,2,1,1,547.9,4,1
-16.83,0.0,0.0,65.9,55.2,112.5,3,0.703,2,0,1,174.4,0,1
0.12,0.53,22.2,65.3,93.0,212.4,2,0.124,3,0,2,250.2,3,1
4.55,0.0,0.0,80.6,7.7,193.1,2,0.499,1,0,1,485.8,4,1
3.62,0.0,0.0,84.6,54.3,196.1,2,0.099,1,0,1,192.7,3,1
2.48,0.0,0.0,62.2,25.5,133.4,3,0.178,2,0,1,328.3,1,0
-19.25,0.0,0.0,77.2,55.3,59.2,3,0.465,3,0,1,293.9,0,0
1.63,0.0,0.0,48.5,1.9,178.0,2,0.577,2,2,1,377.4,3,1
1.43,0.34,21.9,76.5,41.7,30.5,3,0.111,2,0,1,593.5,2,1
-18.56,0.0,0.0,56.4,108.2,131.5,3,0.438,1,2,2,107.0,0,1
5.3,0.0,0.0,47.2,7.5,26.9,3,0.065,1,3,1,316.6,1,1
4.0,0.0,0.0,62.2,164.7,133.9,2,0.113,3,0,2,577.4,4,1
4.32,0.0,0.0,86.0,96.6,169.3,3,0.511,2,0,1,241.3,1,1
-17.55,0.0,0.0,67.7,33.7,109.3,3,0.674,2,0,2,457.3,0,1
0.86,0.08,0.0,87.4,13.9,108.8,2,0.552,3,2,1,561.1,3,1
-15.77,0.0,0.0,53.8,138.8,42.6,3,0.525,2,1,1,182.3,0,1
8.59,0.0,0.0,80.7,2.7,82.9,2,0.373,1,0,1,94.8,4,1
3.84,0.0,0.0,55.2,79.7,115.0,2,0.241,1,1,1,91.6,4,1
6.21,0.0,0.0,68.4,90.6,209.3,2,0.602,1,2,1,90.1,4,0
4.4,0.0,0.0,68.3,12.0,217.0,2,0.393,3,0,1,242.8,4,0
5.91,0.0,0.0,74.9,79.2,229.6,3,0.185,3,1,2,119.4,1,1
8.91,0.91,31.9,68.8,21.2,37.6,3,0.109,2,0,1,272.8,1,0
6.27,0.0,0.0,53.9,41.9,81.6,3,0.176,3,0,3,464.8,1,1
0.57,0.86,12.1,78.2,48.5,119.2,3,0.288,1,3,1,214.0,2,1
6.13,0.0,0.0,91.0,45.8,159.4,2,0.239,1,0,1,313.7,4,0
5.58,1.58,30.5,56.2,135.0,173.1,2,0.491,1,2,3,120.1,3,1
1.95,0.0,0.0,37.5,155.4,191.9,2,0.128,3,1,1,434.1,3,1
7.49,0.0,0.0,72.5,9.5,126.6,2,0.36,1,0,2,224.7,4,1
0.77,0.14,16.0,60.0,42.7,140.2,2,0.05,1,1,1,124.4,3,1
1.29,0.43,3.1,63.0,24.6,231.1,3,0.2,1,0,1,575.1,1,1
5.35,0.0,0.0,73.3,25.9,69.0,3,0.599,2,0,2,473.3,2,1
0.61,0.83,14.3,58.2,36.4,195.8,3,0.176,2,0,1,408.8,2,1
-18.1,0.0,0.0,61.0,25.7,175.2,3,0.45,1,3,1,447.6,0,1
5.72,1.72,14.1,63.5,166.6,46.5,2,0.088,3,3,1,284.0,3,1
-2.27,1.96,20.1,87.0,28.9,223.5,2,0.185,3,0,2,214.1,3,1
-0.7,1.02,14.9,65.5,2.4,207.5,2,0.329,1,0,1,325.0,3,0
2.42,0.0,0.0,46.5,21.8,190.4,3,0.517,3,5,1,503.9,2,1
2.34,0.0,0.0,47.1,13.2,43.5,2,0.343,3,1,1,580.1,3,1
4.09,0.0,0.0,67.1,4.0,46.4,2,0.364,3,0,1,382.9,4,0
8.5,0.5,23.5,48.1,10.2,168.7,3,0.135,1,0,3,257.0,2,1
7.39,0.0,0.0,41.6,39.4,39.1,3,0.319,3,0,3,445.0,2,1
-16.26,0.0,0.0,74.5,137.2,40.5,3,0.332,2,0,2,433.4,0,1
2.86,0.0,0.0,75.3,39.9,105.1,2,0.267,1,1,2,186.1,3,1
5.98,0.0,0.0,59.5,1.8,16.2,2,0.573,3,1,2,289.5,4,1
0.35,0.39,4.6,69.4,115.7,177.3,2,0.141,1,1,1,123.7,3,0
7.14,0.0,0.0,67.8,11.6,136.5,2,0.083,3,0,1,271.3,4,0
2.22,0.0,0.0,74.0,142.6,32.6,2,0.347,2,1,1,469.5,4,1
4.59,0.59,9.9,74.1,46.4,137.3,2,0.462,2,1,1,222.6,3,1
7.97,0.0,0.0,30.0,12.0,27.2,3,0.33,1,2,2,398.2,2,1
-16.97,0.0,0.0,61.4,37.0,30.9,3,0.437,3,0,1,230.2,0,1
-17.94,0.0,0.0,72.8,19.5,124.2,3,0.646,1,0,1,130.9,0,0
6.0,0.0,0.0,58.8,133.9,127.5,3,0.201,3,0,2,457.8,1,1
-2.15,2.49,15.3,65.5,1.6,91.3,3,0.109,2,0,1,374.1,2,1
3.26,0.0,0.0,76.3,64.6,154.9,2,0.498,1,1,3,504.0,3,1
4.72,0.0,0.0,66.2,134.2,102.2,3,0.222,2,1,3,423.4,2,1
-17.63,0.0,0.0,87.6,94.3,147.1,3,0.32,3,0,1,499.5,0,1
6.77,0.0,0.0,81.9,124.0,93.7,3,0.399,3,1,2,135.2,1,1
4.81,0.0,0.0,63.2,12.7,175.9,2,0.41,1,1,1,388.0,4,1
2.15,0.0,0.0,62.0,40.3,145.3,2,0.83,1,1,1,252.1,4,0
4.65,0.0,0.0,30.0,167.5,51.0,3,0.386,1,2,2,460.6,1,1
5.17,0.0,0.0,60.1,53.3,169.4,2,0.094,3,2,1,369.0,4,0
2.79,0.0,0.0,44.7,6.8,191.4,2,0.755,1,1,1,79.8,3,1
5.4,0.0,0.0,68.3,10.6,29.8,2,0.591,1,0,1,343.5,4,0
7.6,0.0,0.0,67.3,12.4,152.2,2,0.372,1,2,1,459.4,4,0
-0.22,0.73,24.8,75.4,102.9,192.8,2,0.441,3,0,2,194.5,3,1
5.44,0.0,0.0,86.0,53.1,40.8,3,0.191,1,1,1,410.0,1,1
5.72,1.72,48.8,64.6,33.7,217.9,2,0.459,2,5,1,512.5,3,1
0.66,0.8,10.4,98.0,152.2,108.3,3,0.147,1,0,2,85.8,1,1
5.45,0.0,0.0,68.5,4.1,181.0,3,0.294,2,0,1,367.9,1,1
1.04,0.0,0.0,45.3,179.6,217.3,2,0.199,2,0,1,538.2,3,1
4.07,0.0,0.0,56.6,11.9,237.7,3,0.33,3,5,1,119.5,2,1
2.74,0.0,0.0,59.4,5.3,146.4,3,0.372,2,0,2,198.1,2,1
4.58,0.0,0.0,73.9,3.6,173.5,3,0.081,1,2,1,394.3,1,1
9.6,1.6,7.7,50.8,33.1,71.6,3,0.415,2,0,1,371.9,2,1
-20.66,0.4,3.4,60.5,19.1,80.3,3,0.101,1,0,1,486.4,0,1
-0.42,0.85,10.2,62.6,31.8,206.4,2,0.47,1,0,1,396.0,3,1
1.75,0.15,2.3,58.3,2.2,104.6,3,0.385,3,2,3,366.7,2,1
9.32,0.0,0.0,77.2,13.3,200.0,2,0.186,2,0,2,298.5,4,1
3.84,0.0,0.0,74.6,44.3,26.4,3,0.093,3,3,1,93.0,2,1
4.94,0.0,0.0,82.5,10.5,64.1,3,0.438,1,1,1,375.1,2,0
-18.51,0.0,0.0,60.0,114.2,53.3,3,0.517,3,3,1,136.1,0,1
-19.86,0.0,0.0,83.0,146.7,133.6,3,0.197,3,0,1,597.7,0,1
4.41,0.0,0.0,44.5,115.5,33.1,3,0.326,2,1,1,93.2,1,0
11.15,3.15,18.4,44.2,33.3,92.4,3,0.24,1,0,1,91.6,1,1
8.48,0.48,8.4,46.8,42.6,236.9,3,0.867,3,0,1,483.0,1,1
2.87,0.0,0.0,65.1,33.1,193.7,3,0.241,3,1,2,105.6,1,1
4.12,0.12,4.7,83.0,150.5,186.1,2,0.329,1,0,1,272.8,3,1
-19.58,0.0,0.0,56.0,111.8,45.4,3,0.653,3,5,1,560.1,0,1
0.56,0.86,8.7,57.8,49.9,97.0,3,0.192,3,0,1,483.3,1,1
-14.95,0.05,0.0,61.8,26.2,168.1,3,0.351,1,0,1,178.1,0,1
7.9,0.0,0.0,73.6,60.2,19.9,3,0.346,1,1,1,188.1,1,0
5.12,1.12,17.7,57.8,9.5,112.6,2,0.396,1,0,1,375.7,3,1
-18.67,0.0,0.0,57.0,36.3,223.9,3,0.239,2,0,3,317.5,0,1
4.58,0.0,0.0,44.8,49.7,33.5,3,0.783,3,5,1,114.2,1,1
-15.63,0.0,0.0,56.4,158.1,218.9,3,0.416,3,0,1,137.3,0,1
5.98,0.0,0.0,82.7,25.7,58.8,2,0.247,1,1,1,491.6,4,0
1.52,0.0,0.0,66.4,14.2,57.5,2,0.136,2,0,1,239.6,3,1
0.95,0.63,24.1,53.9,1.5,59.0,3,0.47,2,0,2,489.5,1,1
-17.22,0.0,0.0,83.5,36.1,224.5,3,0.359,2,0,1,154.4,0,1
-14.8,0.2,9.0,56.2,92.3,150.8,3,0.353,2,2,2,379.7,0,1
2.01,0.0,0.0,86.3,77.4,183.9,3,0.468,2,1,1,327.8,2,1
4.1,0.1,0.0,86.1,33.7,97.4,2,0.336,1,0,1,229.5,3,0
5.83,0.0,0.0,65.8,8.3,211.5,3,0.29,1,0,1,384.7,2,0
6.88,0.0,0.0,42.5,72.3,145.9,2,0.211,3,4,1,118.5,4,1
7.18,0.0,0.0,98.0,100.8,150.0,3,0.566,1,0,1,521.1,1,1
3.26,0.0,0.0,70.8,19.3,184.3,3,0.436,2,1,1,458.9,1,1
0.96,0.63,5.6,60.1,55.6,189.1,3,0.141,3,0,1,207.8,2,1
3.67,0.0,0.0,79.3,4.1,168.4,3,0.41,3,0,2,369.1,1,1
7.22,0.0,0.0,75.5,154.4,41.8,2,0.321,2,0,1,546.2,4,1
-18.86,0.0,0.0,84.7,17.6,210.0,3,0.393,1,0,1,282.3,0,1
3.26,0.0,0.0,55.1,50.1,73.7,3,0.291,2,1,2,249.8,2,1
0.45,0.93,5.0,69.8,70.2,239.1,3,0.108,2,0,1,489.4,2,0
-13.12,1.88,20.8,47.2,40.5,101.7,3,0.219,2,2,1,50.7,0,1
7.06,0.0,0.0,75.0,130.8,42.0,3,0.317,1,0,1,427.5,2,1
6.92,0.0,0.0,64.7,44.2,86.1,3,0.239,1,0,1,168.7,2,1
7.42,0.0,0.0,69.2,23.0,144.0,3,0.4,2,0,1,431.8,1,1
-16.06,0.0,0.0,62.8,172.8,103.1,3,0.266,3,0,1,290.8,0,1
-18.11,0.0,0.0,61.2,161.5,201.5,3,0.332,2,0,2,61.2,0,1
-17.91,0.0,0.0,52.0,169.4,168.5,3,0.389,1,0,1,530.8,0,0
3.93,0.0,0.0,76.9,105.9,63.0,3,0.174,1,0,2,350.6,2,1
-10.91,4.09,29.8,87.3,51.6,136.2,3,0.166,2,0,1,222.5,0,1
6.39,0.0,0.0,56.6,12.7,192.2,2,0.226,2,0,1,436.9,4,0
3.84,0.0,0.0,73.3,49.1,215.5,3,0.135,1,0,1,322.8,1,1
3.66,0.0,0.0,71.5,159.2,103.9,2,0.447,3,0,1,69.2,3,1
-0.03,0.62,23.1,65.1,35.6,223.0,2,0.569,3,0,1,407.6,3,1
8.76,0.76,42.0,42.1,161.8,23.1,3,0.145,3,0,1,583.2,2,1
3.35,0.0,0.0,45.5,135.9,167.3,2,0.618,2,0,1,172.1,4,1
-16.25,0.0,0.0,53.3,77.1,190.9,3,0.489,3,0,1,524.6,0,1
7.66,0.0,0.0,32.9,79.8,110.7,3,0.334,2,5,1,391.5,1,1
5.96,0.0,0.0,86.1,29.4,17.5,3,0.177,2,0,1,92.8,1,0
-17.26,0.0,0.0,70.5,54.5,169.6,3,0.293,1,0,1,451.5,0,1
5.03,0.0,0.0,64.6,80.8,92.1,3,0.349,1,2,1,292.8,1,1
4.86,0.0,0.0,32.1,2.2,49.2,3,0.143,1,0,1,486.6,1,0
1.06,0.0,0.0,37.6,9.2,50.3,2,0.415,3,0,1,399.7,3,0
3.88,0.0,0.0,65.0,97.5,188.1,3,0.124,2,3,1,51.5,1,1
8.7,0.0,0.0,94.6,59.0,57.2,2,0.408,3,1,2,119.5,4,1
2.23,0.0,0.0,54.5,39.2,123.9,2,0.681,2,1,2,243.8,3,0
3.04,0.0,0.0,78.0,11.0,233.3,2,0.317,1,0,1,315.0,4,0
-18.79,0.0,0.0,57.8,49.8,185.7,3,0.217,2,0,1,562.7,0,1
7.75,0.0,0.0,65.8,107.2,138.1,2,0.524,1,0,2,502.1,4,1
4.19,0.19,5.1,83.2,51.0,133.9,2,0.587,3,2,1,490.9,3,0
6.4,0.0,0.0,59.8,58.3,52.6,2,0.406,1,0,1,346.8,4,0
4.36,0.0,0.0,54.6,48.4,115.4,3,0.275,1,1,1,101.1,1,1
6.43,0.0,0.0,86.3,176.3,47.6,2,0.622,2,3,1,460.2,4,1
3.39,0.0,0.0,65.7,167.1,33.8,3,0.144,3,5,1,97.6,2,1
-18.15,0.0,0.0,81.4,52.9,39.6,3,0.49,2,0,1,100.3,0,1
7.42,0.0,0.0,54.7,19.0,151.5,3,0.434,1,1,1,190.3,2,1
-15.31,0.0,0.0,86.1,1.0,58.5,3,0.214,2,1,1,557.4,0,1
2.55,0.0,0.0,69.1,31.3,48.6,2,0.202,1,2,1,462.5,4,1
2.86,0.0,0.0,71.5,7.5,210.1,3,0.097,2,3,1,92.2,1,1
5.27,0.0,0.0,67.0,55.2,42.5,3,0.18,2,1,1,555.4,1,0
9.32,1.32,8.2,57.4,42.2,173.8,3,0.163,1,1,1,480.9,2,1
0.21,1.07,11.9,65.0,16.2,108.8,3,0.098,2,0,1,382.0,2,1
-16.8,0.0,0.0,58.4,1.2,145.3,3,0.34,1,1,3,119.8,0,1
1.56,0.0,0.0,79.4,11.2,20.3,2,0.261,1,1,1,226.1,4,1
3.41,0.0,0.0,62.0,9.1,15.0,2,0.59,2,1,1,215.4,4,1
1.59,0.0,0.0,42.6,129.8,198.9,2,0.335,1,1,1,402.0,3,1
1.45,0.0,0.0,39.8,10.4,122.0,2,0.466,1,0,1,373.3,3,1
3.67,0.0,0.0,39.1,13.7,31.0,3,0.359,2,0,1,202.5,2,1
5.02,0.0,0.0,74.3,115.8,92.3,3,0.522,2,4,1,221.1,2,0
3.66,0.0,0.0,47.7,9.4,128.9,3,0.42,3,0,3,335.1,2,1
-21.16,0.69,21.0,69.5,146.8,45.5,3,0.216,3,2,1,515.0,0,1
-15.55,0.0,0.0,67.0,56.0,137.9,3,0.388,2,1,1,119.4,0,1
6.88,0.0,0.0,64.0,98.2,134.0,3,0.218,2,0,2,449.2,1,1
7.11,0.0,0.0,71.6,23.2,150.6,3,0.052,2,0,1,597.6,2,1
-21.35,0.81,7.5,67.4,2.9,197.3,3,0.151,3,1,1,462.4,0,1
-16.75,0.0,0.0,30.0,92.5,107.9,3,0.323,2,2,1,292.9,0,1
6.69,0.0,0.0,60.1,62.4,214.9,2,0.588,3,0,1,452.4,4,1
2.42,0.0,0.0,71.4,41.1,121.8,3,0.296,2,3,1,523.4,1,0
5.02,0.0,0.0,89.6,150.6,117.9,3,0.534,1,2,2,472.7,2,1
4.71,0.0,0.0,90.3,28.7,162.5,3,0.338,3,0,1,57.0,2,0
7.11,3.11,25.7,44.6,127.9,153.9,2,0.345,1,0,1,122.3,3,1
7.31,3.31,71.4,59.8,131.4,17.6,2,0.267,3,0,1,108.9,3,1
0.84,0.7,19.8,41.5,10.6,236.0,3,0.451,1,0,1,67.5,1,1
11.23,1.23,14.7,87.8,83.0,227.1,2,0.339,2,0,3,443.0,4,1
2.71,0.0,0.0,80.2,174.8,78.3,3,0.138,2,0,1,197.1,1,1
7.45,0.0,0.0,70.3,121.0,140.7,2,0.76,1,4,1,447.1,4,0
7.43,0.0,0.0,67.5,8.7,188.4,3,0.126,2,1,1,416.4,2,0
-19.99,0.0,0.0,85.7,155.7,222.1,3,0.182,1,2,2,338.0,0,1
3.73,0.0,0.0,83.2,57.9,146.8,2,0.37,1,1,1,82.8,3,0
-17.77,0.0,0.0,82.4,34.4,19.3,3,0.241,1,1,1,217.9,0,1
3.89,0.0,0.0,71.9,95.7,168.2,2,0.597,3,3,2,64.9,3,1
-16.92,0.0,0.0,59.8,21.9,35.9,3,0.409,3,0,1,550.5,0,0
7.99,0.0,0.0,76.5,79.8,166.0,3,0.299,1,1,1,219.7,1,0
2.69,0.0,0.0,77.2,51.7,147.2,2,0.297,3,3,1,102.2,3,1
4.58,0.0,0.0,62.1,3.9,159.2,2,0.086,3,3,2,51.4,4,1
7.74,0.0,0.0,59.7,159.7,57.6,3,0.77,1,0,2,386.3,2,1
-16.05,0.0,0.0,82.0,55.2,126.1,3,0.368,3,2,3,391.5,0,1
6.83,0.0,0.0,90.0,32.1,154.0,3,0.113,1,1,1,597.2,1,1
3.34,0.0,0.0,53.8,53.9,82.6,2,0.502,3,0,2,208.7,4,1
-0.11,0.67,5.7,61.0,5.8,55.9,2,0.267,2,0,1,75.6,3,1
-18.92,0.0,0.0,70.3,30.6,65.1,3,0.187,3,0,1,478.7,0,1
3.45,0.0,0.0,72.3,53.5,208.1,3,0.118,1,0,3,217.5,1,1
6.97,0.0,0.0,57.2,64.3,119.5,3,0.059,1,0,2,231.9,1,1
-15.06,0.0,0.0,93.3,65.5,163.7,3,0.144,3,0,2,549.3,0,1
4.61,0.0,0.0,71.3,155.9,130.8,2,0.22,2,2,1,366.5,4,1
6.08,2.08,12.5,73.0,1.6,202.7,2,0.172,2,3,1,270.2,3,1
-14.08,0.92,23.8,91.4,61.7,129.4,3,0.259,2,3,2,572.8,0,1
3.11,0.0,0.0,58.3,5.5,36.0,2,0.462,2,1,3,195.9,3,1
2.95,0.0,0.0,63.7,91.9,59.5,3,0.14,1,3,1,61.8,2,0
-13.56,1.44,13.0,46.2,44.7,18.0,3,0.341,1,0,1,177.0,0,1
4.85,0.0,0.0,62.4,160.7,202.1,3,0.086,1,0,1,74.3,2,1
-17.18,0.0,0.0,42.7,54.8,164.2,3,0.363,1,0,1,274.3,0,1
4.15,0.0,0.0,76.2,5.3,185.8,3,0.277,3,0,1,507.1,1,0
2.78,0.0,0.0,71.3,127.3,175.9,2,0.127,1,1,3,586.3,4,1
-1.17,1.3,29.5,60.8,24.7,200.5,2,0.198,2,0,1,435.2,3,1
-15.92,0.0,0.0,63.5,102.0,237.1,3,0.207,1,4,2,559.4,0,1
3.04,0.0,0.0,76.4,150.4,162.0,2,0.167,3,0,1,274.7,4,0
12.65,4.65,41.6,48.0,54.1,71.8,3,0.625,1,0,1,216.5,2,1
2.28,0.0,0.0,68.1,17.5,37.8,2,0.28,1,0,1,134.8,4,0
-0.64,0.99,10.7,75.5,32.6,147.7,2,0.255,3,0,1,325.5,3,1
6.28,0.0,0.0,38.3,148.2,188.4,3,0.413,1,5,2,229.8,1,1
8.82,0.82,47.6,75.3,114.5,141.4,3,0.172,3,1,1,109.1,2,1
5.16,0.0,0.0,39.9,52.0,83.3,3,0.661,1,0,3,562.6,2,1
3.93,0.0,0.0,63.2,76.9,176.9,2,0.282,3,1,1,118.0,3,1
0.39,0.97,16.1,47.5,10.8,115.8,3,0.521,1,0,3,456.9,1,1
3.31,0.0,0.0,86.5,41.2,79.5,3,0.263,1,0,1,87.4,1,1
2.32,0.0,0.0,47.6,179.4,204.2,3,0.497,2,0,1,339.9,1,0
0.26,1.04,4.3,40.2,71.4,144.7,3,0.302,2,0,1,421.1,1,1
-17.21,0.0,0.0,67.0,30.2,78.8,3,0.33,3,1,1,179.0,0,1
-23.11,1.86,24.7,58.8,44.7,88.9,3,0.48,1,2,1,91.6,0,1
1.69,0.0,0.0,42.4,1.1,143.6,2,0.358,2,0,3,376.4,4,0
-18.84,0.0,0.0,72.9,2.2,110.2,3,0.302,1,1,2,381.6,0,0
2.92,0.0,0.0,35.1,53.1,51.1,2,0.438,3,1,1,221.6,4,1
-16.51,0.0,0.0,49.5,143.2,152.4,3,0.23,3,0,1,256.9,0,1
3.26,0.0,0.0,56.4,40.4,170.0,2,0.487,1,0,1,75.1,3,1
7.23,0.0,0.0,77.0,53.6,15.0,3,0.379,1,0,2,212.7,1,1
6.88,0.0,0.0,84.4,84.1,135.8,3,0.191,3,0,2,535.4,2,1
7.85,0.0,0.0,81.5,0.4,144.9,3,0.338,3,0,1,144.2,1,1
5.0,0.0,0.0,62.7,8.5,89.7,3,0.19,2,0,1,307.4,2,0
5.76,0.0,0.0,30.0,108.4,91.2,3,0.29,2,0,1,422.3,2,1
6.28,0.0,0.0,70.9,8.3,86.5,3,0.318,3,2,1,491.6,2,1
5.35,0.0,0.0,87.1,28.2,115.2,3,0.05,1,0,1,94.6,1,0
4.01,0.0,0.0,83.5,58.9,197.7,3,0.361,3,4,1,375.5,2,1
4.17,0.0,0.0,71.9,8.9,120.5,2,0.212,3,0,2,395.0,4,1
2.96,0.0,0.0,47.2,14.4,238.6,3,0.218,3,0,1,158.6,2,1
6.05,0.0,0.0,57.1,5.3,99.6,3,0.404,3,1,3,67.0,1,1
-17.74,0.0,0.0,94.0,44.1,172.3,3,0.166,3,1,2,514.4,0,1
3.34,0.0,0.0,43.7,95.5,138.5,3,0.216,1,4,1,292.0,1,1
-19.16,0.0,0.0,47.8,51.5,186.5,3,0.605,3,0,1,83.4,0,1
-20.53,0.32,2.5,79.1,17.2,214.9,3,0.11,1,0,1,367.9,0,1
7.45,0.0,0.0,58.5,35.4,130.1,2,0.312,1,1,2,257.3,4,1
-17.3,0.0,0.0,47.3,179.4,126.3,3,0.217,1,1,1,94.1,0,1
2.84,0.0,0.0,87.9,2.2,227.1,3,0.382,1,2,2,207.9,2,0
7.02,0.0,0.0,71.9,62.4,225.1,2,0.19,2,2,2,229.8,4,1
3.6,0.0,0.0,59.3,43.1,239.3,2,0.229,2,0,1,366.2,4,1
-21.02,0.61,12.4,47.8,109.0,50.2,3,0.202,1,2,1,271.8,0,1
-14.95,0.05,0.0,95.7,43.1,15.8,3,0.548,1,1,1,108.8,0,0
3.66,0.0,0.0,64.6,7.4,113.4,3,0.371,1,1,1,399.4,1,1
3.98,0.0,0.0,86.0,47.2,180.0,3,0.162,2,0,1,450.8,2,0
5.1,0.0,0.0,78.4,10.8,31.4,2,0.578,2,3,2,329.0,4,1
7.86,0.0,0.0,57.2,85.6,99.1,3,0.067,2,1,1,84.8,1,1
-17.45,0.0,0.0,57.3,31.5,145.8,3,0.069,3,0,1,106.8,0,0
2.0,0.0,0.0,86.7,39.6,62.8,3,0.335,2,0,2,569.6,1,0
6.36,0.0,0.0,86.9,4.2,179.5,2,0.237,1,1,1,154.2,4,1
-18.71,0.0,0.0,36.8,172.4,66.6,3,0.348,2,3,1,219.1,0,1
9.72,1.72,19.2,73.2,29.3,204.2,3,0.84,2,0,1,428.1,1,1
-17.5,0.0,0.0,63.2,105.0,93.4,3,0.309,1,3,1,485.5,0,1
-23.09,1.85,8.1,49.5,118.6,149.7,3,0.58,3,0,1,551.1,0,1
5.89,0.0,0.0,68.9,49.6,137.4,2,0.353,1,0,1,267.4,4,0
-12.64,2.36,18.6,44.8,121.9,81.7,3,0.286,3,1,1,595.8,0,1
8.94,0.94,5.8,58.0,38.8,113.8,3,0.301,1,0,1,107.1,1,1
9.58,0.0,0.0,53.0,29.4,205.3,2,0.315,2,0,1,504.6,4,0
-0.05,0.63,17.2,57.5,10.4,138.4,2,0.826,1,1,1,199.7,3,1
-15.22,0.0,0.0,63.9,24.6,27.5,3,0.537,3,0,1,565.4,0,1
3.2,0.0,0.0,49.8,50.8,175.4,3,0.05,3,0,1,528.1,2,1
5.56,0.0,0.0,88.6,5.9,56.1,2,0.288,1,0,3,469.2,4,0
1.82,0.11,4.0,72.4,149.2,124.4,3,0.296,1,0,1,382.1,2,1
3.39,0.0,0.0,91.9,0.9,120.4,3,0.501,2,0,2,168.0,2,1
3.31,0.0,0.0,62.6,42.3,124.5,3,0.258,1,0,3,304.1,2,1
4.75,0.75,6.9,56.8,11.7,22.0,2,0.407,1,3,1,69.1,3,1
-15.5,0.0,0.0,91.4,24.9,76.3,3,0.296,3,1,1,440.2,0,1
5.69,0.0,0.0,56.3,93.7,26.4,2,0.478,2,1,1,113.7,4,1
1.62,0.0,0.0,62.3,2.5,108.4,2,0.133,1,0,1,192.1,4,0
-18.28,0.0,0.0,75.8,48.5,154.8,3,0.569,2,0,3,184.8,0,1
3.13,0.0,0.0,46.4,16.1,162.2,2,0.201,1,3,3,483.4,4,1
7.17,0.0,0.0,75.7,68.5,29.5,2,0.079,3,1,1,270.4,4,1
5.45,1.45,29.9,73.8,11.2,41.8,2,0.285,1,2,2,344.0,3,0
7.64,0.0,0.0,84.0,164.8,163.8,3,0.434,1,0,2,164.7,1,1
3.11,0.0,0.0,78.4,25.7,134.5,3,0.195,1,1,1,233.8,2,0
-1.85,1.11,8.4,84.5,35.9,202.5,2,0.304,3,1,2,331.5,4,1
-21.92,1.15,65.0,63.3,53.2,61.2,3,0.077,1,0,1,156.8,0,1
8.55,0.0,0.0,52.1,24.3,42.1,2,0.357,2,2,3,429.4,4,0
4.0,0.0,0.0,96.6,31.5,96.5,2,0.068,2,0,2,297.1,4,1
0.62,0.23,40.9,42.1,0.8,158.3,2,0.05,3,0,1,591.0,3,0
9.11,1.11,20.4,43.6,56.1,124.3,3,0.079,1,0,1,185.6,1,1
8.16,0.16,14.9,73.5,16.5,37.2,3,0.068,3,1,3,267.8,2,1
-17.44,0.0,0.0,89.4,38.9,31.0,3,0.367,3,2,1,558.6,0,1
4.27,0.0,0.0,67.8,8.2,167.5,2,0.35,1,0,1,537.3,4,0
4.67,0.0,0.0,80.0,56.6,81.8,3,0.067,1,4,1,316.3,1,1
-16.93,0.0,0.0,35.1,34.9,165.6,3,0.494,3,0,1,118.0,0,1
6.5,2.5,11.6,57.5,33.8,81.4,2,0.138,2,3,1,274.8,3,1
3.56,0.0,0.0,36.9,101.7,85.8,2,0.093,3,1,1,373.0,3,1
4.32,0.32,7.4,76.7,40.6,62.2,2,0.716,3,3,3,189.8,3,1
-14.58,0.42,3.6,41.8,21.5,236.3,3,0.116,1,1,2,155.1,0,1
-0.42,0.85,10.9,45.8,14.0,18.6,2,0.29,1,0,2,342.3,3,1
4.39,0.39,4.7,72.7,94.8,43.6,2,0.272,1,0,1,146.8,3,1
1.76,0.0,0.0,80.9,40.5,203.2,2,0.442,2,2,1,531.0,3,0
-1.29,0.77,11.5,62.6,52.8,46.1,2,0.269,2,2,1,90.8,4,1
-0.32,1.39,21.7,73.6,9.6,78.2,3,0.207,2,1,1,593.1,1,1
2.45,0.0,0.0,73.1,8.4,74.1,3,0.729,2,1,2,345.9,1,1
6.33,0.0,0.0,61.8,70.2,171.8,2,0.113,3,0,1,591.0,4,1
5.28,0.0,0.0,48.6,9.8,107.5,3,0.271,1,0,3,463.3,2,1
5.46,0.0,0.0,73.5,12.0,204.1,3,0.515,2,0,2,134.1,2,1
9.88,1.88,12.2,74.2,5.2,183.2,3,0.376,1,1,1,175.1,1,1
-0.67,1.0,6.2,78.4,72.4,134.5,2,0.091,1,1,3,108.8,3,1
2.43,0.0,0.0,69.7,92.0,71.0,2,0.338,1,1,2,451.0,3,1
-16.74,0.0,0.0,47.5,170.5,193.3,3,0.476,3,1,1,142.8,0,1
3.16,0.0,0.0,75.4,139.0,209.8,3,0.231,1,0,1,443.0,2,1
5.07,0.0,0.0,65.0,82.7,203.2,2,0.101,1,0,2,522.7,4,1
1.0,0.6,7.3,57.8,49.0,26.6,3,0.484,2,0,2,276.4,1,1
8.52,0.52,3.9,60.6,12.4,172.0,3,0.123,2,0,1,413.6,1,1
